USE [Bestia]
GO
SET IDENTITY_INSERT [dbo].[CLIENTE] ON 

INSERT [dbo].[CLIENTE] ([SEC_CLI], [DOCUMENTO], [NOMBRE], [APELLIDO1], [APELLIDO2], [TELEFONO], [DIRECCION], [EMAIL]) VALUES (CAST(1 AS Numeric(10, 0)), CAST(71314645 AS Numeric(15, 0)), N'Santiago', N'cortes', NULL, NULL, NULL, N'santicortes@gamil.com')
INSERT [dbo].[CLIENTE] ([SEC_CLI], [DOCUMENTO], [NOMBRE], [APELLIDO1], [APELLIDO2], [TELEFONO], [DIRECCION], [EMAIL]) VALUES (CAST(2 AS Numeric(10, 0)), CAST(70073018 AS Numeric(15, 0)), N'mesias', N'Diosa', NULL, NULL, NULL, N'mdiosa@gamil.com')
SET IDENTITY_INSERT [dbo].[CLIENTE] OFF
INSERT [dbo].[PELICULA] ([ID], [ORIGINAL_TITLE]) VALUES (CAST(157433 AS Numeric(10, 0)), N'Pet Sematary')
INSERT [dbo].[PELICULA] ([ID], [ORIGINAL_TITLE]) VALUES (CAST(166428 AS Numeric(10, 0)), N'How to Train Your Dragon: The Hidden World')
INSERT [dbo].[PELICULA] ([ID], [ORIGINAL_TITLE]) VALUES (CAST(245891 AS Numeric(10, 0)), N'John Wick')
INSERT [dbo].[PELICULA] ([ID], [ORIGINAL_TITLE]) VALUES (CAST(255343 AS Numeric(10, 0)), N'Escobar: Paradise Lost')
INSERT [dbo].[PELICULA] ([ID], [ORIGINAL_TITLE]) VALUES (CAST(280960 AS Numeric(10, 0)), N'Catarina and the others')
INSERT [dbo].[PELICULA] ([ID], [ORIGINAL_TITLE]) VALUES (CAST(287947 AS Numeric(10, 0)), N'Shazam!')
INSERT [dbo].[PELICULA] ([ID], [ORIGINAL_TITLE]) VALUES (CAST(299534 AS Numeric(10, 0)), N'Avengers: Endgame')
INSERT [dbo].[PELICULA] ([ID], [ORIGINAL_TITLE]) VALUES (CAST(299536 AS Numeric(10, 0)), N'Avengers: Infinity War')
INSERT [dbo].[PELICULA] ([ID], [ORIGINAL_TITLE]) VALUES (CAST(299537 AS Numeric(10, 0)), N'Captain Marvel')
INSERT [dbo].[PELICULA] ([ID], [ORIGINAL_TITLE]) VALUES (CAST(390634 AS Numeric(10, 0)), N'Fate\/stay night: Heaven’s Feel II. lost butterfly')
INSERT [dbo].[PELICULA] ([ID], [ORIGINAL_TITLE]) VALUES (CAST(420817 AS Numeric(10, 0)), N'Aladdin')
INSERT [dbo].[PELICULA] ([ID], [ORIGINAL_TITLE]) VALUES (CAST(438650 AS Numeric(10, 0)), N'Cold Pursuit')
INSERT [dbo].[PELICULA] ([ID], [ORIGINAL_TITLE]) VALUES (CAST(447404 AS Numeric(10, 0)), N'Pokémon Detective Pikachu')
INSERT [dbo].[PELICULA] ([ID], [ORIGINAL_TITLE]) VALUES (CAST(449562 AS Numeric(10, 0)), N'The Hustle')
INSERT [dbo].[PELICULA] ([ID], [ORIGINAL_TITLE]) VALUES (CAST(450465 AS Numeric(10, 0)), N'Glass')
INSERT [dbo].[PELICULA] ([ID], [ORIGINAL_TITLE]) VALUES (CAST(458156 AS Numeric(10, 0)), N'John Wick: Chapter 3 – Parabellum')
INSERT [dbo].[PELICULA] ([ID], [ORIGINAL_TITLE]) VALUES (CAST(458723 AS Numeric(10, 0)), N'Us')
INSERT [dbo].[PELICULA] ([ID], [ORIGINAL_TITLE]) VALUES (CAST(531309 AS Numeric(10, 0)), N'Brightburn')
INSERT [dbo].[PELICULA] ([ID], [ORIGINAL_TITLE]) VALUES (CAST(543103 AS Numeric(10, 0)), N'Kamen Rider Heisei Generations FOREVER')
INSERT [dbo].[PELICULA] ([ID], [ORIGINAL_TITLE]) VALUES (CAST(579598 AS Numeric(10, 0)), N'Vaarikkuzhiyile Kolapathakam')
SET IDENTITY_INSERT [dbo].[FUNCION] ON 

INSERT [dbo].[FUNCION] ([ID], [FECHA_FUN], [PELICULA], [RESERVAS]) VALUES (CAST(1 AS Numeric(10, 0)), CAST(N'2019-11-07 18:00:00.000' AS DateTime), CAST(458156 AS Numeric(10, 0)), NULL)
INSERT [dbo].[FUNCION] ([ID], [FECHA_FUN], [PELICULA], [RESERVAS]) VALUES (CAST(2 AS Numeric(10, 0)), CAST(N'2019-12-07 18:00:00.000' AS DateTime), CAST(458156 AS Numeric(10, 0)), NULL)
INSERT [dbo].[FUNCION] ([ID], [FECHA_FUN], [PELICULA], [RESERVAS]) VALUES (CAST(3 AS Numeric(10, 0)), CAST(N'2019-12-07 20:00:00.000' AS DateTime), CAST(458156 AS Numeric(10, 0)), NULL)
INSERT [dbo].[FUNCION] ([ID], [FECHA_FUN], [PELICULA], [RESERVAS]) VALUES (CAST(20 AS Numeric(10, 0)), CAST(N'2019-11-07 18:00:00.000' AS DateTime), CAST(450465 AS Numeric(10, 0)), NULL)
INSERT [dbo].[FUNCION] ([ID], [FECHA_FUN], [PELICULA], [RESERVAS]) VALUES (CAST(21 AS Numeric(10, 0)), CAST(N'2019-11-07 18:00:00.000' AS DateTime), CAST(157433 AS Numeric(10, 0)), NULL)
INSERT [dbo].[FUNCION] ([ID], [FECHA_FUN], [PELICULA], [RESERVAS]) VALUES (CAST(22 AS Numeric(10, 0)), CAST(N'2019-11-07 18:00:00.000' AS DateTime), CAST(543103 AS Numeric(10, 0)), NULL)
INSERT [dbo].[FUNCION] ([ID], [FECHA_FUN], [PELICULA], [RESERVAS]) VALUES (CAST(23 AS Numeric(10, 0)), CAST(N'2019-07-07 18:00:00.000' AS DateTime), CAST(420817 AS Numeric(10, 0)), NULL)
INSERT [dbo].[FUNCION] ([ID], [FECHA_FUN], [PELICULA], [RESERVAS]) VALUES (CAST(24 AS Numeric(10, 0)), CAST(N'2019-07-07 18:00:00.000' AS DateTime), CAST(299534 AS Numeric(10, 0)), NULL)
INSERT [dbo].[FUNCION] ([ID], [FECHA_FUN], [PELICULA], [RESERVAS]) VALUES (CAST(25 AS Numeric(10, 0)), CAST(N'2019-05-07 18:00:00.000' AS DateTime), CAST(579598 AS Numeric(10, 0)), NULL)
INSERT [dbo].[FUNCION] ([ID], [FECHA_FUN], [PELICULA], [RESERVAS]) VALUES (CAST(26 AS Numeric(10, 0)), CAST(N'2019-06-07 18:00:00.000' AS DateTime), CAST(280960 AS Numeric(10, 0)), NULL)
INSERT [dbo].[FUNCION] ([ID], [FECHA_FUN], [PELICULA], [RESERVAS]) VALUES (CAST(27 AS Numeric(10, 0)), CAST(N'2019-07-07 18:00:00.000' AS DateTime), CAST(447404 AS Numeric(10, 0)), NULL)
INSERT [dbo].[FUNCION] ([ID], [FECHA_FUN], [PELICULA], [RESERVAS]) VALUES (CAST(28 AS Numeric(10, 0)), CAST(N'2019-08-07 18:00:00.000' AS DateTime), CAST(287947 AS Numeric(10, 0)), NULL)
INSERT [dbo].[FUNCION] ([ID], [FECHA_FUN], [PELICULA], [RESERVAS]) VALUES (CAST(29 AS Numeric(10, 0)), CAST(N'2019-09-07 18:00:00.000' AS DateTime), CAST(531309 AS Numeric(10, 0)), NULL)
INSERT [dbo].[FUNCION] ([ID], [FECHA_FUN], [PELICULA], [RESERVAS]) VALUES (CAST(31 AS Numeric(10, 0)), CAST(N'2019-01-07 18:00:00.000' AS DateTime), CAST(299536 AS Numeric(10, 0)), NULL)
INSERT [dbo].[FUNCION] ([ID], [FECHA_FUN], [PELICULA], [RESERVAS]) VALUES (CAST(32 AS Numeric(10, 0)), CAST(N'2019-02-07 18:00:00.000' AS DateTime), CAST(166428 AS Numeric(10, 0)), NULL)
INSERT [dbo].[FUNCION] ([ID], [FECHA_FUN], [PELICULA], [RESERVAS]) VALUES (CAST(33 AS Numeric(10, 0)), CAST(N'2019-03-07 18:00:00.000' AS DateTime), CAST(299537 AS Numeric(10, 0)), NULL)
INSERT [dbo].[FUNCION] ([ID], [FECHA_FUN], [PELICULA], [RESERVAS]) VALUES (CAST(34 AS Numeric(10, 0)), CAST(N'2019-04-07 18:00:00.000' AS DateTime), CAST(390634 AS Numeric(10, 0)), NULL)
INSERT [dbo].[FUNCION] ([ID], [FECHA_FUN], [PELICULA], [RESERVAS]) VALUES (CAST(35 AS Numeric(10, 0)), CAST(N'2019-05-07 18:00:00.000' AS DateTime), CAST(245891 AS Numeric(10, 0)), NULL)
INSERT [dbo].[FUNCION] ([ID], [FECHA_FUN], [PELICULA], [RESERVAS]) VALUES (CAST(36 AS Numeric(10, 0)), CAST(N'2019-06-07 18:00:00.000' AS DateTime), CAST(449562 AS Numeric(10, 0)), NULL)
INSERT [dbo].[FUNCION] ([ID], [FECHA_FUN], [PELICULA], [RESERVAS]) VALUES (CAST(37 AS Numeric(10, 0)), CAST(N'2019-07-07 18:00:00.000' AS DateTime), CAST(438650 AS Numeric(10, 0)), NULL)
INSERT [dbo].[FUNCION] ([ID], [FECHA_FUN], [PELICULA], [RESERVAS]) VALUES (CAST(38 AS Numeric(10, 0)), CAST(N'2019-08-07 18:00:00.000' AS DateTime), CAST(255343 AS Numeric(10, 0)), NULL)
INSERT [dbo].[FUNCION] ([ID], [FECHA_FUN], [PELICULA], [RESERVAS]) VALUES (CAST(39 AS Numeric(10, 0)), CAST(N'2019-01-07 18:00:00.000' AS DateTime), CAST(450465 AS Numeric(10, 0)), NULL)
INSERT [dbo].[FUNCION] ([ID], [FECHA_FUN], [PELICULA], [RESERVAS]) VALUES (CAST(40 AS Numeric(10, 0)), CAST(N'2019-01-07 18:00:00.000' AS DateTime), CAST(157433 AS Numeric(10, 0)), NULL)
INSERT [dbo].[FUNCION] ([ID], [FECHA_FUN], [PELICULA], [RESERVAS]) VALUES (CAST(41 AS Numeric(10, 0)), CAST(N'2019-01-07 18:00:00.000' AS DateTime), CAST(543103 AS Numeric(10, 0)), NULL)
INSERT [dbo].[FUNCION] ([ID], [FECHA_FUN], [PELICULA], [RESERVAS]) VALUES (CAST(42 AS Numeric(10, 0)), CAST(N'2019-07-07 18:00:00.000' AS DateTime), CAST(458723 AS Numeric(10, 0)), NULL)
SET IDENTITY_INSERT [dbo].[FUNCION] OFF
SET IDENTITY_INSERT [dbo].[SALA] ON 

INSERT [dbo].[SALA] ([ID], [NOMBRE], [OBSERVACIONES], [DIRECCION], [RUTA_IMG]) VALUES (CAST(1 AS Numeric(10, 0)), N'Sala 1', N'test', N'test', N'test')
INSERT [dbo].[SALA] ([ID], [NOMBRE], [OBSERVACIONES], [DIRECCION], [RUTA_IMG]) VALUES (CAST(2 AS Numeric(10, 0)), N'Bestia Cinema', N'Sala principal', N'Calle 32 a 65 b 37', NULL)
SET IDENTITY_INSERT [dbo].[SALA] OFF
SET IDENTITY_INSERT [dbo].[LOCALIDAD] ON 

INSERT [dbo].[LOCALIDAD] ([ID], [SALA], [NOMBRE], [OBSERVACIONES]) VALUES (CAST(1 AS Numeric(10, 0)), CAST(1 AS Numeric(10, 0)), N'Preferencial', N'test')
INSERT [dbo].[LOCALIDAD] ([ID], [SALA], [NOMBRE], [OBSERVACIONES]) VALUES (CAST(2 AS Numeric(10, 0)), CAST(2 AS Numeric(10, 0)), N'preferencial', N'')
SET IDENTITY_INSERT [dbo].[LOCALIDAD] OFF
SET IDENTITY_INSERT [dbo].[MAPA] ON 

INSERT [dbo].[MAPA] ([ID], [NOMBRE], [TIPO_MAP], [SALA], [FUNCION], [PUBLICADO]) VALUES (CAST(27 AS Numeric(10, 0)), N'Bestia Cinema1', N'2', CAST(2 AS Numeric(10, 0)), CAST(1 AS Numeric(10, 0)), N'Y')
INSERT [dbo].[MAPA] ([ID], [NOMBRE], [TIPO_MAP], [SALA], [FUNCION], [PUBLICADO]) VALUES (CAST(28 AS Numeric(10, 0)), N'Bestia Cinema2', N'2', CAST(2 AS Numeric(10, 0)), CAST(2 AS Numeric(10, 0)), N'Y')
INSERT [dbo].[MAPA] ([ID], [NOMBRE], [TIPO_MAP], [SALA], [FUNCION], [PUBLICADO]) VALUES (CAST(29 AS Numeric(10, 0)), N'Bestia Cinema3', N'2', CAST(2 AS Numeric(10, 0)), CAST(3 AS Numeric(10, 0)), N'Y')
INSERT [dbo].[MAPA] ([ID], [NOMBRE], [TIPO_MAP], [SALA], [FUNCION], [PUBLICADO]) VALUES (CAST(30 AS Numeric(10, 0)), N'Bestia Cinema20', N'2', CAST(2 AS Numeric(10, 0)), CAST(20 AS Numeric(10, 0)), N'Y')
INSERT [dbo].[MAPA] ([ID], [NOMBRE], [TIPO_MAP], [SALA], [FUNCION], [PUBLICADO]) VALUES (CAST(31 AS Numeric(10, 0)), N'Bestia Cinema21', N'2', CAST(2 AS Numeric(10, 0)), CAST(21 AS Numeric(10, 0)), N'Y')
INSERT [dbo].[MAPA] ([ID], [NOMBRE], [TIPO_MAP], [SALA], [FUNCION], [PUBLICADO]) VALUES (CAST(32 AS Numeric(10, 0)), N'Bestia Cinema22', N'2', CAST(2 AS Numeric(10, 0)), CAST(22 AS Numeric(10, 0)), N'Y')
INSERT [dbo].[MAPA] ([ID], [NOMBRE], [TIPO_MAP], [SALA], [FUNCION], [PUBLICADO]) VALUES (CAST(33 AS Numeric(10, 0)), N'Bestia Cinema23', N'2', CAST(2 AS Numeric(10, 0)), CAST(23 AS Numeric(10, 0)), N'Y')
INSERT [dbo].[MAPA] ([ID], [NOMBRE], [TIPO_MAP], [SALA], [FUNCION], [PUBLICADO]) VALUES (CAST(34 AS Numeric(10, 0)), N'Bestia Cinema24', N'2', CAST(2 AS Numeric(10, 0)), CAST(24 AS Numeric(10, 0)), N'Y')
INSERT [dbo].[MAPA] ([ID], [NOMBRE], [TIPO_MAP], [SALA], [FUNCION], [PUBLICADO]) VALUES (CAST(35 AS Numeric(10, 0)), N'Bestia Cinema25', N'2', CAST(2 AS Numeric(10, 0)), CAST(25 AS Numeric(10, 0)), N'Y')
INSERT [dbo].[MAPA] ([ID], [NOMBRE], [TIPO_MAP], [SALA], [FUNCION], [PUBLICADO]) VALUES (CAST(36 AS Numeric(10, 0)), N'Bestia Cinema26', N'2', CAST(2 AS Numeric(10, 0)), CAST(26 AS Numeric(10, 0)), N'Y')
INSERT [dbo].[MAPA] ([ID], [NOMBRE], [TIPO_MAP], [SALA], [FUNCION], [PUBLICADO]) VALUES (CAST(37 AS Numeric(10, 0)), N'Bestia Cinema27', N'2', CAST(2 AS Numeric(10, 0)), CAST(27 AS Numeric(10, 0)), N'Y')
INSERT [dbo].[MAPA] ([ID], [NOMBRE], [TIPO_MAP], [SALA], [FUNCION], [PUBLICADO]) VALUES (CAST(38 AS Numeric(10, 0)), N'Bestia Cinema28', N'2', CAST(2 AS Numeric(10, 0)), CAST(28 AS Numeric(10, 0)), N'Y')
INSERT [dbo].[MAPA] ([ID], [NOMBRE], [TIPO_MAP], [SALA], [FUNCION], [PUBLICADO]) VALUES (CAST(39 AS Numeric(10, 0)), N'Bestia Cinema29', N'2', CAST(2 AS Numeric(10, 0)), CAST(29 AS Numeric(10, 0)), N'Y')
INSERT [dbo].[MAPA] ([ID], [NOMBRE], [TIPO_MAP], [SALA], [FUNCION], [PUBLICADO]) VALUES (CAST(41 AS Numeric(10, 0)), N'Bestia Cinema31', N'2', CAST(2 AS Numeric(10, 0)), CAST(31 AS Numeric(10, 0)), N'Y')
INSERT [dbo].[MAPA] ([ID], [NOMBRE], [TIPO_MAP], [SALA], [FUNCION], [PUBLICADO]) VALUES (CAST(42 AS Numeric(10, 0)), N'Bestia Cinema32', N'2', CAST(2 AS Numeric(10, 0)), CAST(32 AS Numeric(10, 0)), N'Y')
INSERT [dbo].[MAPA] ([ID], [NOMBRE], [TIPO_MAP], [SALA], [FUNCION], [PUBLICADO]) VALUES (CAST(43 AS Numeric(10, 0)), N'Bestia Cinema33', N'2', CAST(2 AS Numeric(10, 0)), CAST(33 AS Numeric(10, 0)), N'Y')
INSERT [dbo].[MAPA] ([ID], [NOMBRE], [TIPO_MAP], [SALA], [FUNCION], [PUBLICADO]) VALUES (CAST(44 AS Numeric(10, 0)), N'Bestia Cinema34', N'2', CAST(2 AS Numeric(10, 0)), CAST(34 AS Numeric(10, 0)), N'Y')
INSERT [dbo].[MAPA] ([ID], [NOMBRE], [TIPO_MAP], [SALA], [FUNCION], [PUBLICADO]) VALUES (CAST(45 AS Numeric(10, 0)), N'Bestia Cinema35', N'2', CAST(2 AS Numeric(10, 0)), CAST(35 AS Numeric(10, 0)), N'Y')
INSERT [dbo].[MAPA] ([ID], [NOMBRE], [TIPO_MAP], [SALA], [FUNCION], [PUBLICADO]) VALUES (CAST(46 AS Numeric(10, 0)), N'Bestia Cinema36', N'2', CAST(2 AS Numeric(10, 0)), CAST(36 AS Numeric(10, 0)), N'Y')
INSERT [dbo].[MAPA] ([ID], [NOMBRE], [TIPO_MAP], [SALA], [FUNCION], [PUBLICADO]) VALUES (CAST(47 AS Numeric(10, 0)), N'Bestia Cinema37', N'2', CAST(2 AS Numeric(10, 0)), CAST(37 AS Numeric(10, 0)), N'Y')
INSERT [dbo].[MAPA] ([ID], [NOMBRE], [TIPO_MAP], [SALA], [FUNCION], [PUBLICADO]) VALUES (CAST(48 AS Numeric(10, 0)), N'Bestia Cinema38', N'2', CAST(2 AS Numeric(10, 0)), CAST(38 AS Numeric(10, 0)), N'Y')
INSERT [dbo].[MAPA] ([ID], [NOMBRE], [TIPO_MAP], [SALA], [FUNCION], [PUBLICADO]) VALUES (CAST(49 AS Numeric(10, 0)), N'Bestia Cinema39', N'2', CAST(2 AS Numeric(10, 0)), CAST(39 AS Numeric(10, 0)), N'Y')
INSERT [dbo].[MAPA] ([ID], [NOMBRE], [TIPO_MAP], [SALA], [FUNCION], [PUBLICADO]) VALUES (CAST(50 AS Numeric(10, 0)), N'Bestia Cinema40', N'2', CAST(2 AS Numeric(10, 0)), CAST(40 AS Numeric(10, 0)), N'Y')
INSERT [dbo].[MAPA] ([ID], [NOMBRE], [TIPO_MAP], [SALA], [FUNCION], [PUBLICADO]) VALUES (CAST(51 AS Numeric(10, 0)), N'Bestia Cinema41', N'2', CAST(2 AS Numeric(10, 0)), CAST(41 AS Numeric(10, 0)), N'Y')
INSERT [dbo].[MAPA] ([ID], [NOMBRE], [TIPO_MAP], [SALA], [FUNCION], [PUBLICADO]) VALUES (CAST(52 AS Numeric(10, 0)), N'Bestia Cinema42', N'2', CAST(2 AS Numeric(10, 0)), CAST(42 AS Numeric(10, 0)), N'Y')
SET IDENTITY_INSERT [dbo].[MAPA] OFF
SET IDENTITY_INSERT [dbo].[SILLA_LOCALIDAD_MAPA] ON 

INSERT [dbo].[SILLA_LOCALIDAD_MAPA] ([ID], [LOCALIDAD], [NUM_SIL], [MAPA], [ESTADO]) VALUES (CAST(1 AS Numeric(10, 0)), CAST(2 AS Numeric(10, 0)), CAST(2 AS Numeric(10, 0)), CAST(27 AS Numeric(10, 0)), CAST(2 AS Numeric(10, 0)))
INSERT [dbo].[SILLA_LOCALIDAD_MAPA] ([ID], [LOCALIDAD], [NUM_SIL], [MAPA], [ESTADO]) VALUES (CAST(2 AS Numeric(10, 0)), CAST(2 AS Numeric(10, 0)), CAST(3 AS Numeric(10, 0)), CAST(27 AS Numeric(10, 0)), CAST(2 AS Numeric(10, 0)))
INSERT [dbo].[SILLA_LOCALIDAD_MAPA] ([ID], [LOCALIDAD], [NUM_SIL], [MAPA], [ESTADO]) VALUES (CAST(3 AS Numeric(10, 0)), CAST(2 AS Numeric(10, 0)), CAST(4 AS Numeric(10, 0)), CAST(27 AS Numeric(10, 0)), CAST(2 AS Numeric(10, 0)))
INSERT [dbo].[SILLA_LOCALIDAD_MAPA] ([ID], [LOCALIDAD], [NUM_SIL], [MAPA], [ESTADO]) VALUES (CAST(4 AS Numeric(10, 0)), CAST(2 AS Numeric(10, 0)), CAST(6 AS Numeric(10, 0)), CAST(27 AS Numeric(10, 0)), CAST(2 AS Numeric(10, 0)))
INSERT [dbo].[SILLA_LOCALIDAD_MAPA] ([ID], [LOCALIDAD], [NUM_SIL], [MAPA], [ESTADO]) VALUES (CAST(5 AS Numeric(10, 0)), CAST(2 AS Numeric(10, 0)), CAST(7 AS Numeric(10, 0)), CAST(27 AS Numeric(10, 0)), CAST(2 AS Numeric(10, 0)))
INSERT [dbo].[SILLA_LOCALIDAD_MAPA] ([ID], [LOCALIDAD], [NUM_SIL], [MAPA], [ESTADO]) VALUES (CAST(6 AS Numeric(10, 0)), CAST(2 AS Numeric(10, 0)), CAST(8 AS Numeric(10, 0)), CAST(27 AS Numeric(10, 0)), CAST(2 AS Numeric(10, 0)))
INSERT [dbo].[SILLA_LOCALIDAD_MAPA] ([ID], [LOCALIDAD], [NUM_SIL], [MAPA], [ESTADO]) VALUES (CAST(7 AS Numeric(10, 0)), CAST(2 AS Numeric(10, 0)), CAST(9 AS Numeric(10, 0)), CAST(27 AS Numeric(10, 0)), CAST(1 AS Numeric(10, 0)))
INSERT [dbo].[SILLA_LOCALIDAD_MAPA] ([ID], [LOCALIDAD], [NUM_SIL], [MAPA], [ESTADO]) VALUES (CAST(8 AS Numeric(10, 0)), CAST(2 AS Numeric(10, 0)), CAST(10 AS Numeric(10, 0)), CAST(27 AS Numeric(10, 0)), CAST(1 AS Numeric(10, 0)))
INSERT [dbo].[SILLA_LOCALIDAD_MAPA] ([ID], [LOCALIDAD], [NUM_SIL], [MAPA], [ESTADO]) VALUES (CAST(9 AS Numeric(10, 0)), CAST(2 AS Numeric(10, 0)), CAST(11 AS Numeric(10, 0)), CAST(27 AS Numeric(10, 0)), CAST(1 AS Numeric(10, 0)))
INSERT [dbo].[SILLA_LOCALIDAD_MAPA] ([ID], [LOCALIDAD], [NUM_SIL], [MAPA], [ESTADO]) VALUES (CAST(10 AS Numeric(10, 0)), CAST(2 AS Numeric(10, 0)), CAST(12 AS Numeric(10, 0)), CAST(27 AS Numeric(10, 0)), CAST(1 AS Numeric(10, 0)))
INSERT [dbo].[SILLA_LOCALIDAD_MAPA] ([ID], [LOCALIDAD], [NUM_SIL], [MAPA], [ESTADO]) VALUES (CAST(11 AS Numeric(10, 0)), CAST(2 AS Numeric(10, 0)), CAST(2 AS Numeric(10, 0)), CAST(28 AS Numeric(10, 0)), CAST(2 AS Numeric(10, 0)))
INSERT [dbo].[SILLA_LOCALIDAD_MAPA] ([ID], [LOCALIDAD], [NUM_SIL], [MAPA], [ESTADO]) VALUES (CAST(12 AS Numeric(10, 0)), CAST(2 AS Numeric(10, 0)), CAST(3 AS Numeric(10, 0)), CAST(28 AS Numeric(10, 0)), CAST(2 AS Numeric(10, 0)))
INSERT [dbo].[SILLA_LOCALIDAD_MAPA] ([ID], [LOCALIDAD], [NUM_SIL], [MAPA], [ESTADO]) VALUES (CAST(13 AS Numeric(10, 0)), CAST(2 AS Numeric(10, 0)), CAST(4 AS Numeric(10, 0)), CAST(28 AS Numeric(10, 0)), CAST(2 AS Numeric(10, 0)))
INSERT [dbo].[SILLA_LOCALIDAD_MAPA] ([ID], [LOCALIDAD], [NUM_SIL], [MAPA], [ESTADO]) VALUES (CAST(14 AS Numeric(10, 0)), CAST(2 AS Numeric(10, 0)), CAST(6 AS Numeric(10, 0)), CAST(28 AS Numeric(10, 0)), CAST(2 AS Numeric(10, 0)))
INSERT [dbo].[SILLA_LOCALIDAD_MAPA] ([ID], [LOCALIDAD], [NUM_SIL], [MAPA], [ESTADO]) VALUES (CAST(15 AS Numeric(10, 0)), CAST(2 AS Numeric(10, 0)), CAST(7 AS Numeric(10, 0)), CAST(28 AS Numeric(10, 0)), CAST(1 AS Numeric(10, 0)))
INSERT [dbo].[SILLA_LOCALIDAD_MAPA] ([ID], [LOCALIDAD], [NUM_SIL], [MAPA], [ESTADO]) VALUES (CAST(16 AS Numeric(10, 0)), CAST(2 AS Numeric(10, 0)), CAST(8 AS Numeric(10, 0)), CAST(28 AS Numeric(10, 0)), CAST(1 AS Numeric(10, 0)))
INSERT [dbo].[SILLA_LOCALIDAD_MAPA] ([ID], [LOCALIDAD], [NUM_SIL], [MAPA], [ESTADO]) VALUES (CAST(17 AS Numeric(10, 0)), CAST(2 AS Numeric(10, 0)), CAST(9 AS Numeric(10, 0)), CAST(28 AS Numeric(10, 0)), CAST(1 AS Numeric(10, 0)))
INSERT [dbo].[SILLA_LOCALIDAD_MAPA] ([ID], [LOCALIDAD], [NUM_SIL], [MAPA], [ESTADO]) VALUES (CAST(18 AS Numeric(10, 0)), CAST(2 AS Numeric(10, 0)), CAST(10 AS Numeric(10, 0)), CAST(28 AS Numeric(10, 0)), CAST(1 AS Numeric(10, 0)))
INSERT [dbo].[SILLA_LOCALIDAD_MAPA] ([ID], [LOCALIDAD], [NUM_SIL], [MAPA], [ESTADO]) VALUES (CAST(19 AS Numeric(10, 0)), CAST(2 AS Numeric(10, 0)), CAST(11 AS Numeric(10, 0)), CAST(28 AS Numeric(10, 0)), CAST(1 AS Numeric(10, 0)))
INSERT [dbo].[SILLA_LOCALIDAD_MAPA] ([ID], [LOCALIDAD], [NUM_SIL], [MAPA], [ESTADO]) VALUES (CAST(20 AS Numeric(10, 0)), CAST(2 AS Numeric(10, 0)), CAST(12 AS Numeric(10, 0)), CAST(28 AS Numeric(10, 0)), CAST(1 AS Numeric(10, 0)))
INSERT [dbo].[SILLA_LOCALIDAD_MAPA] ([ID], [LOCALIDAD], [NUM_SIL], [MAPA], [ESTADO]) VALUES (CAST(21 AS Numeric(10, 0)), CAST(2 AS Numeric(10, 0)), CAST(2 AS Numeric(10, 0)), CAST(29 AS Numeric(10, 0)), CAST(1 AS Numeric(10, 0)))
INSERT [dbo].[SILLA_LOCALIDAD_MAPA] ([ID], [LOCALIDAD], [NUM_SIL], [MAPA], [ESTADO]) VALUES (CAST(22 AS Numeric(10, 0)), CAST(2 AS Numeric(10, 0)), CAST(3 AS Numeric(10, 0)), CAST(29 AS Numeric(10, 0)), CAST(1 AS Numeric(10, 0)))
INSERT [dbo].[SILLA_LOCALIDAD_MAPA] ([ID], [LOCALIDAD], [NUM_SIL], [MAPA], [ESTADO]) VALUES (CAST(23 AS Numeric(10, 0)), CAST(2 AS Numeric(10, 0)), CAST(4 AS Numeric(10, 0)), CAST(29 AS Numeric(10, 0)), CAST(1 AS Numeric(10, 0)))
INSERT [dbo].[SILLA_LOCALIDAD_MAPA] ([ID], [LOCALIDAD], [NUM_SIL], [MAPA], [ESTADO]) VALUES (CAST(24 AS Numeric(10, 0)), CAST(2 AS Numeric(10, 0)), CAST(6 AS Numeric(10, 0)), CAST(29 AS Numeric(10, 0)), CAST(1 AS Numeric(10, 0)))
INSERT [dbo].[SILLA_LOCALIDAD_MAPA] ([ID], [LOCALIDAD], [NUM_SIL], [MAPA], [ESTADO]) VALUES (CAST(25 AS Numeric(10, 0)), CAST(2 AS Numeric(10, 0)), CAST(7 AS Numeric(10, 0)), CAST(29 AS Numeric(10, 0)), CAST(1 AS Numeric(10, 0)))
INSERT [dbo].[SILLA_LOCALIDAD_MAPA] ([ID], [LOCALIDAD], [NUM_SIL], [MAPA], [ESTADO]) VALUES (CAST(26 AS Numeric(10, 0)), CAST(2 AS Numeric(10, 0)), CAST(8 AS Numeric(10, 0)), CAST(29 AS Numeric(10, 0)), CAST(1 AS Numeric(10, 0)))
INSERT [dbo].[SILLA_LOCALIDAD_MAPA] ([ID], [LOCALIDAD], [NUM_SIL], [MAPA], [ESTADO]) VALUES (CAST(27 AS Numeric(10, 0)), CAST(2 AS Numeric(10, 0)), CAST(9 AS Numeric(10, 0)), CAST(29 AS Numeric(10, 0)), CAST(1 AS Numeric(10, 0)))
INSERT [dbo].[SILLA_LOCALIDAD_MAPA] ([ID], [LOCALIDAD], [NUM_SIL], [MAPA], [ESTADO]) VALUES (CAST(28 AS Numeric(10, 0)), CAST(2 AS Numeric(10, 0)), CAST(10 AS Numeric(10, 0)), CAST(29 AS Numeric(10, 0)), CAST(1 AS Numeric(10, 0)))
INSERT [dbo].[SILLA_LOCALIDAD_MAPA] ([ID], [LOCALIDAD], [NUM_SIL], [MAPA], [ESTADO]) VALUES (CAST(29 AS Numeric(10, 0)), CAST(2 AS Numeric(10, 0)), CAST(11 AS Numeric(10, 0)), CAST(29 AS Numeric(10, 0)), CAST(1 AS Numeric(10, 0)))
INSERT [dbo].[SILLA_LOCALIDAD_MAPA] ([ID], [LOCALIDAD], [NUM_SIL], [MAPA], [ESTADO]) VALUES (CAST(30 AS Numeric(10, 0)), CAST(2 AS Numeric(10, 0)), CAST(12 AS Numeric(10, 0)), CAST(29 AS Numeric(10, 0)), CAST(1 AS Numeric(10, 0)))
INSERT [dbo].[SILLA_LOCALIDAD_MAPA] ([ID], [LOCALIDAD], [NUM_SIL], [MAPA], [ESTADO]) VALUES (CAST(10022 AS Numeric(10, 0)), CAST(2 AS Numeric(10, 0)), CAST(2 AS Numeric(10, 0)), CAST(30 AS Numeric(10, 0)), CAST(2 AS Numeric(10, 0)))
INSERT [dbo].[SILLA_LOCALIDAD_MAPA] ([ID], [LOCALIDAD], [NUM_SIL], [MAPA], [ESTADO]) VALUES (CAST(10023 AS Numeric(10, 0)), CAST(2 AS Numeric(10, 0)), CAST(3 AS Numeric(10, 0)), CAST(30 AS Numeric(10, 0)), CAST(2 AS Numeric(10, 0)))
INSERT [dbo].[SILLA_LOCALIDAD_MAPA] ([ID], [LOCALIDAD], [NUM_SIL], [MAPA], [ESTADO]) VALUES (CAST(10024 AS Numeric(10, 0)), CAST(2 AS Numeric(10, 0)), CAST(4 AS Numeric(10, 0)), CAST(30 AS Numeric(10, 0)), CAST(2 AS Numeric(10, 0)))
INSERT [dbo].[SILLA_LOCALIDAD_MAPA] ([ID], [LOCALIDAD], [NUM_SIL], [MAPA], [ESTADO]) VALUES (CAST(10025 AS Numeric(10, 0)), CAST(2 AS Numeric(10, 0)), CAST(6 AS Numeric(10, 0)), CAST(30 AS Numeric(10, 0)), CAST(2 AS Numeric(10, 0)))
INSERT [dbo].[SILLA_LOCALIDAD_MAPA] ([ID], [LOCALIDAD], [NUM_SIL], [MAPA], [ESTADO]) VALUES (CAST(10026 AS Numeric(10, 0)), CAST(2 AS Numeric(10, 0)), CAST(7 AS Numeric(10, 0)), CAST(30 AS Numeric(10, 0)), CAST(2 AS Numeric(10, 0)))
INSERT [dbo].[SILLA_LOCALIDAD_MAPA] ([ID], [LOCALIDAD], [NUM_SIL], [MAPA], [ESTADO]) VALUES (CAST(10027 AS Numeric(10, 0)), CAST(2 AS Numeric(10, 0)), CAST(8 AS Numeric(10, 0)), CAST(30 AS Numeric(10, 0)), CAST(2 AS Numeric(10, 0)))
INSERT [dbo].[SILLA_LOCALIDAD_MAPA] ([ID], [LOCALIDAD], [NUM_SIL], [MAPA], [ESTADO]) VALUES (CAST(10028 AS Numeric(10, 0)), CAST(2 AS Numeric(10, 0)), CAST(9 AS Numeric(10, 0)), CAST(30 AS Numeric(10, 0)), CAST(1 AS Numeric(10, 0)))
INSERT [dbo].[SILLA_LOCALIDAD_MAPA] ([ID], [LOCALIDAD], [NUM_SIL], [MAPA], [ESTADO]) VALUES (CAST(10029 AS Numeric(10, 0)), CAST(2 AS Numeric(10, 0)), CAST(10 AS Numeric(10, 0)), CAST(30 AS Numeric(10, 0)), CAST(1 AS Numeric(10, 0)))
INSERT [dbo].[SILLA_LOCALIDAD_MAPA] ([ID], [LOCALIDAD], [NUM_SIL], [MAPA], [ESTADO]) VALUES (CAST(10030 AS Numeric(10, 0)), CAST(2 AS Numeric(10, 0)), CAST(11 AS Numeric(10, 0)), CAST(30 AS Numeric(10, 0)), CAST(1 AS Numeric(10, 0)))
INSERT [dbo].[SILLA_LOCALIDAD_MAPA] ([ID], [LOCALIDAD], [NUM_SIL], [MAPA], [ESTADO]) VALUES (CAST(10031 AS Numeric(10, 0)), CAST(2 AS Numeric(10, 0)), CAST(12 AS Numeric(10, 0)), CAST(30 AS Numeric(10, 0)), CAST(1 AS Numeric(10, 0)))
INSERT [dbo].[SILLA_LOCALIDAD_MAPA] ([ID], [LOCALIDAD], [NUM_SIL], [MAPA], [ESTADO]) VALUES (CAST(10032 AS Numeric(10, 0)), CAST(2 AS Numeric(10, 0)), CAST(2 AS Numeric(10, 0)), CAST(31 AS Numeric(10, 0)), CAST(2 AS Numeric(10, 0)))
INSERT [dbo].[SILLA_LOCALIDAD_MAPA] ([ID], [LOCALIDAD], [NUM_SIL], [MAPA], [ESTADO]) VALUES (CAST(10033 AS Numeric(10, 0)), CAST(2 AS Numeric(10, 0)), CAST(3 AS Numeric(10, 0)), CAST(31 AS Numeric(10, 0)), CAST(2 AS Numeric(10, 0)))
INSERT [dbo].[SILLA_LOCALIDAD_MAPA] ([ID], [LOCALIDAD], [NUM_SIL], [MAPA], [ESTADO]) VALUES (CAST(10034 AS Numeric(10, 0)), CAST(2 AS Numeric(10, 0)), CAST(4 AS Numeric(10, 0)), CAST(31 AS Numeric(10, 0)), CAST(2 AS Numeric(10, 0)))
INSERT [dbo].[SILLA_LOCALIDAD_MAPA] ([ID], [LOCALIDAD], [NUM_SIL], [MAPA], [ESTADO]) VALUES (CAST(10035 AS Numeric(10, 0)), CAST(2 AS Numeric(10, 0)), CAST(6 AS Numeric(10, 0)), CAST(31 AS Numeric(10, 0)), CAST(2 AS Numeric(10, 0)))
INSERT [dbo].[SILLA_LOCALIDAD_MAPA] ([ID], [LOCALIDAD], [NUM_SIL], [MAPA], [ESTADO]) VALUES (CAST(10036 AS Numeric(10, 0)), CAST(2 AS Numeric(10, 0)), CAST(7 AS Numeric(10, 0)), CAST(31 AS Numeric(10, 0)), CAST(1 AS Numeric(10, 0)))
INSERT [dbo].[SILLA_LOCALIDAD_MAPA] ([ID], [LOCALIDAD], [NUM_SIL], [MAPA], [ESTADO]) VALUES (CAST(10037 AS Numeric(10, 0)), CAST(2 AS Numeric(10, 0)), CAST(8 AS Numeric(10, 0)), CAST(31 AS Numeric(10, 0)), CAST(1 AS Numeric(10, 0)))
INSERT [dbo].[SILLA_LOCALIDAD_MAPA] ([ID], [LOCALIDAD], [NUM_SIL], [MAPA], [ESTADO]) VALUES (CAST(10038 AS Numeric(10, 0)), CAST(2 AS Numeric(10, 0)), CAST(9 AS Numeric(10, 0)), CAST(31 AS Numeric(10, 0)), CAST(1 AS Numeric(10, 0)))
INSERT [dbo].[SILLA_LOCALIDAD_MAPA] ([ID], [LOCALIDAD], [NUM_SIL], [MAPA], [ESTADO]) VALUES (CAST(10039 AS Numeric(10, 0)), CAST(2 AS Numeric(10, 0)), CAST(10 AS Numeric(10, 0)), CAST(31 AS Numeric(10, 0)), CAST(1 AS Numeric(10, 0)))
INSERT [dbo].[SILLA_LOCALIDAD_MAPA] ([ID], [LOCALIDAD], [NUM_SIL], [MAPA], [ESTADO]) VALUES (CAST(10040 AS Numeric(10, 0)), CAST(2 AS Numeric(10, 0)), CAST(11 AS Numeric(10, 0)), CAST(31 AS Numeric(10, 0)), CAST(1 AS Numeric(10, 0)))
INSERT [dbo].[SILLA_LOCALIDAD_MAPA] ([ID], [LOCALIDAD], [NUM_SIL], [MAPA], [ESTADO]) VALUES (CAST(10041 AS Numeric(10, 0)), CAST(2 AS Numeric(10, 0)), CAST(12 AS Numeric(10, 0)), CAST(31 AS Numeric(10, 0)), CAST(1 AS Numeric(10, 0)))
INSERT [dbo].[SILLA_LOCALIDAD_MAPA] ([ID], [LOCALIDAD], [NUM_SIL], [MAPA], [ESTADO]) VALUES (CAST(10042 AS Numeric(10, 0)), CAST(2 AS Numeric(10, 0)), CAST(2 AS Numeric(10, 0)), CAST(32 AS Numeric(10, 0)), CAST(1 AS Numeric(10, 0)))
INSERT [dbo].[SILLA_LOCALIDAD_MAPA] ([ID], [LOCALIDAD], [NUM_SIL], [MAPA], [ESTADO]) VALUES (CAST(10043 AS Numeric(10, 0)), CAST(2 AS Numeric(10, 0)), CAST(3 AS Numeric(10, 0)), CAST(32 AS Numeric(10, 0)), CAST(1 AS Numeric(10, 0)))
INSERT [dbo].[SILLA_LOCALIDAD_MAPA] ([ID], [LOCALIDAD], [NUM_SIL], [MAPA], [ESTADO]) VALUES (CAST(10044 AS Numeric(10, 0)), CAST(2 AS Numeric(10, 0)), CAST(4 AS Numeric(10, 0)), CAST(32 AS Numeric(10, 0)), CAST(1 AS Numeric(10, 0)))
INSERT [dbo].[SILLA_LOCALIDAD_MAPA] ([ID], [LOCALIDAD], [NUM_SIL], [MAPA], [ESTADO]) VALUES (CAST(10045 AS Numeric(10, 0)), CAST(2 AS Numeric(10, 0)), CAST(6 AS Numeric(10, 0)), CAST(32 AS Numeric(10, 0)), CAST(1 AS Numeric(10, 0)))
INSERT [dbo].[SILLA_LOCALIDAD_MAPA] ([ID], [LOCALIDAD], [NUM_SIL], [MAPA], [ESTADO]) VALUES (CAST(10046 AS Numeric(10, 0)), CAST(2 AS Numeric(10, 0)), CAST(7 AS Numeric(10, 0)), CAST(32 AS Numeric(10, 0)), CAST(1 AS Numeric(10, 0)))
INSERT [dbo].[SILLA_LOCALIDAD_MAPA] ([ID], [LOCALIDAD], [NUM_SIL], [MAPA], [ESTADO]) VALUES (CAST(10047 AS Numeric(10, 0)), CAST(2 AS Numeric(10, 0)), CAST(8 AS Numeric(10, 0)), CAST(32 AS Numeric(10, 0)), CAST(1 AS Numeric(10, 0)))
INSERT [dbo].[SILLA_LOCALIDAD_MAPA] ([ID], [LOCALIDAD], [NUM_SIL], [MAPA], [ESTADO]) VALUES (CAST(10048 AS Numeric(10, 0)), CAST(2 AS Numeric(10, 0)), CAST(9 AS Numeric(10, 0)), CAST(32 AS Numeric(10, 0)), CAST(1 AS Numeric(10, 0)))
INSERT [dbo].[SILLA_LOCALIDAD_MAPA] ([ID], [LOCALIDAD], [NUM_SIL], [MAPA], [ESTADO]) VALUES (CAST(10049 AS Numeric(10, 0)), CAST(2 AS Numeric(10, 0)), CAST(10 AS Numeric(10, 0)), CAST(32 AS Numeric(10, 0)), CAST(1 AS Numeric(10, 0)))
INSERT [dbo].[SILLA_LOCALIDAD_MAPA] ([ID], [LOCALIDAD], [NUM_SIL], [MAPA], [ESTADO]) VALUES (CAST(10050 AS Numeric(10, 0)), CAST(2 AS Numeric(10, 0)), CAST(11 AS Numeric(10, 0)), CAST(32 AS Numeric(10, 0)), CAST(1 AS Numeric(10, 0)))
INSERT [dbo].[SILLA_LOCALIDAD_MAPA] ([ID], [LOCALIDAD], [NUM_SIL], [MAPA], [ESTADO]) VALUES (CAST(10051 AS Numeric(10, 0)), CAST(2 AS Numeric(10, 0)), CAST(12 AS Numeric(10, 0)), CAST(32 AS Numeric(10, 0)), CAST(1 AS Numeric(10, 0)))
INSERT [dbo].[SILLA_LOCALIDAD_MAPA] ([ID], [LOCALIDAD], [NUM_SIL], [MAPA], [ESTADO]) VALUES (CAST(10052 AS Numeric(10, 0)), CAST(2 AS Numeric(10, 0)), CAST(2 AS Numeric(10, 0)), CAST(33 AS Numeric(10, 0)), CAST(2 AS Numeric(10, 0)))
INSERT [dbo].[SILLA_LOCALIDAD_MAPA] ([ID], [LOCALIDAD], [NUM_SIL], [MAPA], [ESTADO]) VALUES (CAST(10053 AS Numeric(10, 0)), CAST(2 AS Numeric(10, 0)), CAST(3 AS Numeric(10, 0)), CAST(33 AS Numeric(10, 0)), CAST(2 AS Numeric(10, 0)))
INSERT [dbo].[SILLA_LOCALIDAD_MAPA] ([ID], [LOCALIDAD], [NUM_SIL], [MAPA], [ESTADO]) VALUES (CAST(10054 AS Numeric(10, 0)), CAST(2 AS Numeric(10, 0)), CAST(4 AS Numeric(10, 0)), CAST(33 AS Numeric(10, 0)), CAST(2 AS Numeric(10, 0)))
INSERT [dbo].[SILLA_LOCALIDAD_MAPA] ([ID], [LOCALIDAD], [NUM_SIL], [MAPA], [ESTADO]) VALUES (CAST(10055 AS Numeric(10, 0)), CAST(2 AS Numeric(10, 0)), CAST(6 AS Numeric(10, 0)), CAST(33 AS Numeric(10, 0)), CAST(2 AS Numeric(10, 0)))
INSERT [dbo].[SILLA_LOCALIDAD_MAPA] ([ID], [LOCALIDAD], [NUM_SIL], [MAPA], [ESTADO]) VALUES (CAST(10056 AS Numeric(10, 0)), CAST(2 AS Numeric(10, 0)), CAST(7 AS Numeric(10, 0)), CAST(33 AS Numeric(10, 0)), CAST(2 AS Numeric(10, 0)))
INSERT [dbo].[SILLA_LOCALIDAD_MAPA] ([ID], [LOCALIDAD], [NUM_SIL], [MAPA], [ESTADO]) VALUES (CAST(10057 AS Numeric(10, 0)), CAST(2 AS Numeric(10, 0)), CAST(8 AS Numeric(10, 0)), CAST(33 AS Numeric(10, 0)), CAST(2 AS Numeric(10, 0)))
INSERT [dbo].[SILLA_LOCALIDAD_MAPA] ([ID], [LOCALIDAD], [NUM_SIL], [MAPA], [ESTADO]) VALUES (CAST(10058 AS Numeric(10, 0)), CAST(2 AS Numeric(10, 0)), CAST(9 AS Numeric(10, 0)), CAST(33 AS Numeric(10, 0)), CAST(1 AS Numeric(10, 0)))
INSERT [dbo].[SILLA_LOCALIDAD_MAPA] ([ID], [LOCALIDAD], [NUM_SIL], [MAPA], [ESTADO]) VALUES (CAST(10059 AS Numeric(10, 0)), CAST(2 AS Numeric(10, 0)), CAST(10 AS Numeric(10, 0)), CAST(33 AS Numeric(10, 0)), CAST(1 AS Numeric(10, 0)))
INSERT [dbo].[SILLA_LOCALIDAD_MAPA] ([ID], [LOCALIDAD], [NUM_SIL], [MAPA], [ESTADO]) VALUES (CAST(10060 AS Numeric(10, 0)), CAST(2 AS Numeric(10, 0)), CAST(11 AS Numeric(10, 0)), CAST(33 AS Numeric(10, 0)), CAST(1 AS Numeric(10, 0)))
INSERT [dbo].[SILLA_LOCALIDAD_MAPA] ([ID], [LOCALIDAD], [NUM_SIL], [MAPA], [ESTADO]) VALUES (CAST(10061 AS Numeric(10, 0)), CAST(2 AS Numeric(10, 0)), CAST(12 AS Numeric(10, 0)), CAST(33 AS Numeric(10, 0)), CAST(1 AS Numeric(10, 0)))
INSERT [dbo].[SILLA_LOCALIDAD_MAPA] ([ID], [LOCALIDAD], [NUM_SIL], [MAPA], [ESTADO]) VALUES (CAST(10062 AS Numeric(10, 0)), CAST(2 AS Numeric(10, 0)), CAST(2 AS Numeric(10, 0)), CAST(34 AS Numeric(10, 0)), CAST(2 AS Numeric(10, 0)))
INSERT [dbo].[SILLA_LOCALIDAD_MAPA] ([ID], [LOCALIDAD], [NUM_SIL], [MAPA], [ESTADO]) VALUES (CAST(10063 AS Numeric(10, 0)), CAST(2 AS Numeric(10, 0)), CAST(3 AS Numeric(10, 0)), CAST(34 AS Numeric(10, 0)), CAST(2 AS Numeric(10, 0)))
INSERT [dbo].[SILLA_LOCALIDAD_MAPA] ([ID], [LOCALIDAD], [NUM_SIL], [MAPA], [ESTADO]) VALUES (CAST(10064 AS Numeric(10, 0)), CAST(2 AS Numeric(10, 0)), CAST(4 AS Numeric(10, 0)), CAST(34 AS Numeric(10, 0)), CAST(2 AS Numeric(10, 0)))
INSERT [dbo].[SILLA_LOCALIDAD_MAPA] ([ID], [LOCALIDAD], [NUM_SIL], [MAPA], [ESTADO]) VALUES (CAST(10065 AS Numeric(10, 0)), CAST(2 AS Numeric(10, 0)), CAST(6 AS Numeric(10, 0)), CAST(34 AS Numeric(10, 0)), CAST(2 AS Numeric(10, 0)))
INSERT [dbo].[SILLA_LOCALIDAD_MAPA] ([ID], [LOCALIDAD], [NUM_SIL], [MAPA], [ESTADO]) VALUES (CAST(10066 AS Numeric(10, 0)), CAST(2 AS Numeric(10, 0)), CAST(7 AS Numeric(10, 0)), CAST(34 AS Numeric(10, 0)), CAST(1 AS Numeric(10, 0)))
INSERT [dbo].[SILLA_LOCALIDAD_MAPA] ([ID], [LOCALIDAD], [NUM_SIL], [MAPA], [ESTADO]) VALUES (CAST(10067 AS Numeric(10, 0)), CAST(2 AS Numeric(10, 0)), CAST(8 AS Numeric(10, 0)), CAST(34 AS Numeric(10, 0)), CAST(1 AS Numeric(10, 0)))
INSERT [dbo].[SILLA_LOCALIDAD_MAPA] ([ID], [LOCALIDAD], [NUM_SIL], [MAPA], [ESTADO]) VALUES (CAST(10068 AS Numeric(10, 0)), CAST(2 AS Numeric(10, 0)), CAST(9 AS Numeric(10, 0)), CAST(34 AS Numeric(10, 0)), CAST(1 AS Numeric(10, 0)))
INSERT [dbo].[SILLA_LOCALIDAD_MAPA] ([ID], [LOCALIDAD], [NUM_SIL], [MAPA], [ESTADO]) VALUES (CAST(10069 AS Numeric(10, 0)), CAST(2 AS Numeric(10, 0)), CAST(10 AS Numeric(10, 0)), CAST(34 AS Numeric(10, 0)), CAST(1 AS Numeric(10, 0)))
INSERT [dbo].[SILLA_LOCALIDAD_MAPA] ([ID], [LOCALIDAD], [NUM_SIL], [MAPA], [ESTADO]) VALUES (CAST(10070 AS Numeric(10, 0)), CAST(2 AS Numeric(10, 0)), CAST(11 AS Numeric(10, 0)), CAST(34 AS Numeric(10, 0)), CAST(1 AS Numeric(10, 0)))
INSERT [dbo].[SILLA_LOCALIDAD_MAPA] ([ID], [LOCALIDAD], [NUM_SIL], [MAPA], [ESTADO]) VALUES (CAST(10071 AS Numeric(10, 0)), CAST(2 AS Numeric(10, 0)), CAST(12 AS Numeric(10, 0)), CAST(34 AS Numeric(10, 0)), CAST(1 AS Numeric(10, 0)))
INSERT [dbo].[SILLA_LOCALIDAD_MAPA] ([ID], [LOCALIDAD], [NUM_SIL], [MAPA], [ESTADO]) VALUES (CAST(10072 AS Numeric(10, 0)), CAST(2 AS Numeric(10, 0)), CAST(2 AS Numeric(10, 0)), CAST(35 AS Numeric(10, 0)), CAST(1 AS Numeric(10, 0)))
INSERT [dbo].[SILLA_LOCALIDAD_MAPA] ([ID], [LOCALIDAD], [NUM_SIL], [MAPA], [ESTADO]) VALUES (CAST(10073 AS Numeric(10, 0)), CAST(2 AS Numeric(10, 0)), CAST(3 AS Numeric(10, 0)), CAST(35 AS Numeric(10, 0)), CAST(1 AS Numeric(10, 0)))
INSERT [dbo].[SILLA_LOCALIDAD_MAPA] ([ID], [LOCALIDAD], [NUM_SIL], [MAPA], [ESTADO]) VALUES (CAST(10074 AS Numeric(10, 0)), CAST(2 AS Numeric(10, 0)), CAST(4 AS Numeric(10, 0)), CAST(35 AS Numeric(10, 0)), CAST(1 AS Numeric(10, 0)))
INSERT [dbo].[SILLA_LOCALIDAD_MAPA] ([ID], [LOCALIDAD], [NUM_SIL], [MAPA], [ESTADO]) VALUES (CAST(10075 AS Numeric(10, 0)), CAST(2 AS Numeric(10, 0)), CAST(6 AS Numeric(10, 0)), CAST(35 AS Numeric(10, 0)), CAST(1 AS Numeric(10, 0)))
INSERT [dbo].[SILLA_LOCALIDAD_MAPA] ([ID], [LOCALIDAD], [NUM_SIL], [MAPA], [ESTADO]) VALUES (CAST(10076 AS Numeric(10, 0)), CAST(2 AS Numeric(10, 0)), CAST(7 AS Numeric(10, 0)), CAST(35 AS Numeric(10, 0)), CAST(1 AS Numeric(10, 0)))
INSERT [dbo].[SILLA_LOCALIDAD_MAPA] ([ID], [LOCALIDAD], [NUM_SIL], [MAPA], [ESTADO]) VALUES (CAST(10077 AS Numeric(10, 0)), CAST(2 AS Numeric(10, 0)), CAST(8 AS Numeric(10, 0)), CAST(35 AS Numeric(10, 0)), CAST(1 AS Numeric(10, 0)))
INSERT [dbo].[SILLA_LOCALIDAD_MAPA] ([ID], [LOCALIDAD], [NUM_SIL], [MAPA], [ESTADO]) VALUES (CAST(10078 AS Numeric(10, 0)), CAST(2 AS Numeric(10, 0)), CAST(9 AS Numeric(10, 0)), CAST(35 AS Numeric(10, 0)), CAST(1 AS Numeric(10, 0)))
INSERT [dbo].[SILLA_LOCALIDAD_MAPA] ([ID], [LOCALIDAD], [NUM_SIL], [MAPA], [ESTADO]) VALUES (CAST(10079 AS Numeric(10, 0)), CAST(2 AS Numeric(10, 0)), CAST(10 AS Numeric(10, 0)), CAST(35 AS Numeric(10, 0)), CAST(1 AS Numeric(10, 0)))
INSERT [dbo].[SILLA_LOCALIDAD_MAPA] ([ID], [LOCALIDAD], [NUM_SIL], [MAPA], [ESTADO]) VALUES (CAST(10080 AS Numeric(10, 0)), CAST(2 AS Numeric(10, 0)), CAST(11 AS Numeric(10, 0)), CAST(35 AS Numeric(10, 0)), CAST(1 AS Numeric(10, 0)))
INSERT [dbo].[SILLA_LOCALIDAD_MAPA] ([ID], [LOCALIDAD], [NUM_SIL], [MAPA], [ESTADO]) VALUES (CAST(10081 AS Numeric(10, 0)), CAST(2 AS Numeric(10, 0)), CAST(12 AS Numeric(10, 0)), CAST(35 AS Numeric(10, 0)), CAST(1 AS Numeric(10, 0)))
INSERT [dbo].[SILLA_LOCALIDAD_MAPA] ([ID], [LOCALIDAD], [NUM_SIL], [MAPA], [ESTADO]) VALUES (CAST(10082 AS Numeric(10, 0)), CAST(2 AS Numeric(10, 0)), CAST(2 AS Numeric(10, 0)), CAST(36 AS Numeric(10, 0)), CAST(2 AS Numeric(10, 0)))
INSERT [dbo].[SILLA_LOCALIDAD_MAPA] ([ID], [LOCALIDAD], [NUM_SIL], [MAPA], [ESTADO]) VALUES (CAST(10083 AS Numeric(10, 0)), CAST(2 AS Numeric(10, 0)), CAST(3 AS Numeric(10, 0)), CAST(36 AS Numeric(10, 0)), CAST(2 AS Numeric(10, 0)))
INSERT [dbo].[SILLA_LOCALIDAD_MAPA] ([ID], [LOCALIDAD], [NUM_SIL], [MAPA], [ESTADO]) VALUES (CAST(10084 AS Numeric(10, 0)), CAST(2 AS Numeric(10, 0)), CAST(4 AS Numeric(10, 0)), CAST(36 AS Numeric(10, 0)), CAST(2 AS Numeric(10, 0)))
INSERT [dbo].[SILLA_LOCALIDAD_MAPA] ([ID], [LOCALIDAD], [NUM_SIL], [MAPA], [ESTADO]) VALUES (CAST(10085 AS Numeric(10, 0)), CAST(2 AS Numeric(10, 0)), CAST(6 AS Numeric(10, 0)), CAST(36 AS Numeric(10, 0)), CAST(2 AS Numeric(10, 0)))
INSERT [dbo].[SILLA_LOCALIDAD_MAPA] ([ID], [LOCALIDAD], [NUM_SIL], [MAPA], [ESTADO]) VALUES (CAST(10086 AS Numeric(10, 0)), CAST(2 AS Numeric(10, 0)), CAST(7 AS Numeric(10, 0)), CAST(36 AS Numeric(10, 0)), CAST(2 AS Numeric(10, 0)))
INSERT [dbo].[SILLA_LOCALIDAD_MAPA] ([ID], [LOCALIDAD], [NUM_SIL], [MAPA], [ESTADO]) VALUES (CAST(10087 AS Numeric(10, 0)), CAST(2 AS Numeric(10, 0)), CAST(8 AS Numeric(10, 0)), CAST(36 AS Numeric(10, 0)), CAST(2 AS Numeric(10, 0)))
INSERT [dbo].[SILLA_LOCALIDAD_MAPA] ([ID], [LOCALIDAD], [NUM_SIL], [MAPA], [ESTADO]) VALUES (CAST(10088 AS Numeric(10, 0)), CAST(2 AS Numeric(10, 0)), CAST(9 AS Numeric(10, 0)), CAST(36 AS Numeric(10, 0)), CAST(1 AS Numeric(10, 0)))
INSERT [dbo].[SILLA_LOCALIDAD_MAPA] ([ID], [LOCALIDAD], [NUM_SIL], [MAPA], [ESTADO]) VALUES (CAST(10089 AS Numeric(10, 0)), CAST(2 AS Numeric(10, 0)), CAST(10 AS Numeric(10, 0)), CAST(36 AS Numeric(10, 0)), CAST(1 AS Numeric(10, 0)))
INSERT [dbo].[SILLA_LOCALIDAD_MAPA] ([ID], [LOCALIDAD], [NUM_SIL], [MAPA], [ESTADO]) VALUES (CAST(10090 AS Numeric(10, 0)), CAST(2 AS Numeric(10, 0)), CAST(11 AS Numeric(10, 0)), CAST(36 AS Numeric(10, 0)), CAST(1 AS Numeric(10, 0)))
GO
INSERT [dbo].[SILLA_LOCALIDAD_MAPA] ([ID], [LOCALIDAD], [NUM_SIL], [MAPA], [ESTADO]) VALUES (CAST(10091 AS Numeric(10, 0)), CAST(2 AS Numeric(10, 0)), CAST(12 AS Numeric(10, 0)), CAST(36 AS Numeric(10, 0)), CAST(1 AS Numeric(10, 0)))
INSERT [dbo].[SILLA_LOCALIDAD_MAPA] ([ID], [LOCALIDAD], [NUM_SIL], [MAPA], [ESTADO]) VALUES (CAST(10092 AS Numeric(10, 0)), CAST(2 AS Numeric(10, 0)), CAST(2 AS Numeric(10, 0)), CAST(37 AS Numeric(10, 0)), CAST(2 AS Numeric(10, 0)))
INSERT [dbo].[SILLA_LOCALIDAD_MAPA] ([ID], [LOCALIDAD], [NUM_SIL], [MAPA], [ESTADO]) VALUES (CAST(10093 AS Numeric(10, 0)), CAST(2 AS Numeric(10, 0)), CAST(3 AS Numeric(10, 0)), CAST(37 AS Numeric(10, 0)), CAST(2 AS Numeric(10, 0)))
INSERT [dbo].[SILLA_LOCALIDAD_MAPA] ([ID], [LOCALIDAD], [NUM_SIL], [MAPA], [ESTADO]) VALUES (CAST(10094 AS Numeric(10, 0)), CAST(2 AS Numeric(10, 0)), CAST(4 AS Numeric(10, 0)), CAST(37 AS Numeric(10, 0)), CAST(2 AS Numeric(10, 0)))
INSERT [dbo].[SILLA_LOCALIDAD_MAPA] ([ID], [LOCALIDAD], [NUM_SIL], [MAPA], [ESTADO]) VALUES (CAST(10095 AS Numeric(10, 0)), CAST(2 AS Numeric(10, 0)), CAST(6 AS Numeric(10, 0)), CAST(37 AS Numeric(10, 0)), CAST(2 AS Numeric(10, 0)))
INSERT [dbo].[SILLA_LOCALIDAD_MAPA] ([ID], [LOCALIDAD], [NUM_SIL], [MAPA], [ESTADO]) VALUES (CAST(10096 AS Numeric(10, 0)), CAST(2 AS Numeric(10, 0)), CAST(7 AS Numeric(10, 0)), CAST(37 AS Numeric(10, 0)), CAST(1 AS Numeric(10, 0)))
INSERT [dbo].[SILLA_LOCALIDAD_MAPA] ([ID], [LOCALIDAD], [NUM_SIL], [MAPA], [ESTADO]) VALUES (CAST(10097 AS Numeric(10, 0)), CAST(2 AS Numeric(10, 0)), CAST(8 AS Numeric(10, 0)), CAST(37 AS Numeric(10, 0)), CAST(1 AS Numeric(10, 0)))
INSERT [dbo].[SILLA_LOCALIDAD_MAPA] ([ID], [LOCALIDAD], [NUM_SIL], [MAPA], [ESTADO]) VALUES (CAST(10098 AS Numeric(10, 0)), CAST(2 AS Numeric(10, 0)), CAST(9 AS Numeric(10, 0)), CAST(37 AS Numeric(10, 0)), CAST(1 AS Numeric(10, 0)))
INSERT [dbo].[SILLA_LOCALIDAD_MAPA] ([ID], [LOCALIDAD], [NUM_SIL], [MAPA], [ESTADO]) VALUES (CAST(10099 AS Numeric(10, 0)), CAST(2 AS Numeric(10, 0)), CAST(10 AS Numeric(10, 0)), CAST(37 AS Numeric(10, 0)), CAST(1 AS Numeric(10, 0)))
INSERT [dbo].[SILLA_LOCALIDAD_MAPA] ([ID], [LOCALIDAD], [NUM_SIL], [MAPA], [ESTADO]) VALUES (CAST(10100 AS Numeric(10, 0)), CAST(2 AS Numeric(10, 0)), CAST(11 AS Numeric(10, 0)), CAST(37 AS Numeric(10, 0)), CAST(1 AS Numeric(10, 0)))
INSERT [dbo].[SILLA_LOCALIDAD_MAPA] ([ID], [LOCALIDAD], [NUM_SIL], [MAPA], [ESTADO]) VALUES (CAST(10101 AS Numeric(10, 0)), CAST(2 AS Numeric(10, 0)), CAST(12 AS Numeric(10, 0)), CAST(37 AS Numeric(10, 0)), CAST(1 AS Numeric(10, 0)))
INSERT [dbo].[SILLA_LOCALIDAD_MAPA] ([ID], [LOCALIDAD], [NUM_SIL], [MAPA], [ESTADO]) VALUES (CAST(10102 AS Numeric(10, 0)), CAST(2 AS Numeric(10, 0)), CAST(2 AS Numeric(10, 0)), CAST(38 AS Numeric(10, 0)), CAST(1 AS Numeric(10, 0)))
INSERT [dbo].[SILLA_LOCALIDAD_MAPA] ([ID], [LOCALIDAD], [NUM_SIL], [MAPA], [ESTADO]) VALUES (CAST(10103 AS Numeric(10, 0)), CAST(2 AS Numeric(10, 0)), CAST(3 AS Numeric(10, 0)), CAST(38 AS Numeric(10, 0)), CAST(1 AS Numeric(10, 0)))
INSERT [dbo].[SILLA_LOCALIDAD_MAPA] ([ID], [LOCALIDAD], [NUM_SIL], [MAPA], [ESTADO]) VALUES (CAST(10104 AS Numeric(10, 0)), CAST(2 AS Numeric(10, 0)), CAST(4 AS Numeric(10, 0)), CAST(38 AS Numeric(10, 0)), CAST(1 AS Numeric(10, 0)))
INSERT [dbo].[SILLA_LOCALIDAD_MAPA] ([ID], [LOCALIDAD], [NUM_SIL], [MAPA], [ESTADO]) VALUES (CAST(10105 AS Numeric(10, 0)), CAST(2 AS Numeric(10, 0)), CAST(6 AS Numeric(10, 0)), CAST(38 AS Numeric(10, 0)), CAST(1 AS Numeric(10, 0)))
INSERT [dbo].[SILLA_LOCALIDAD_MAPA] ([ID], [LOCALIDAD], [NUM_SIL], [MAPA], [ESTADO]) VALUES (CAST(10106 AS Numeric(10, 0)), CAST(2 AS Numeric(10, 0)), CAST(7 AS Numeric(10, 0)), CAST(38 AS Numeric(10, 0)), CAST(1 AS Numeric(10, 0)))
INSERT [dbo].[SILLA_LOCALIDAD_MAPA] ([ID], [LOCALIDAD], [NUM_SIL], [MAPA], [ESTADO]) VALUES (CAST(10107 AS Numeric(10, 0)), CAST(2 AS Numeric(10, 0)), CAST(8 AS Numeric(10, 0)), CAST(38 AS Numeric(10, 0)), CAST(1 AS Numeric(10, 0)))
INSERT [dbo].[SILLA_LOCALIDAD_MAPA] ([ID], [LOCALIDAD], [NUM_SIL], [MAPA], [ESTADO]) VALUES (CAST(10108 AS Numeric(10, 0)), CAST(2 AS Numeric(10, 0)), CAST(9 AS Numeric(10, 0)), CAST(38 AS Numeric(10, 0)), CAST(1 AS Numeric(10, 0)))
INSERT [dbo].[SILLA_LOCALIDAD_MAPA] ([ID], [LOCALIDAD], [NUM_SIL], [MAPA], [ESTADO]) VALUES (CAST(10109 AS Numeric(10, 0)), CAST(2 AS Numeric(10, 0)), CAST(10 AS Numeric(10, 0)), CAST(38 AS Numeric(10, 0)), CAST(1 AS Numeric(10, 0)))
INSERT [dbo].[SILLA_LOCALIDAD_MAPA] ([ID], [LOCALIDAD], [NUM_SIL], [MAPA], [ESTADO]) VALUES (CAST(10110 AS Numeric(10, 0)), CAST(2 AS Numeric(10, 0)), CAST(11 AS Numeric(10, 0)), CAST(38 AS Numeric(10, 0)), CAST(1 AS Numeric(10, 0)))
INSERT [dbo].[SILLA_LOCALIDAD_MAPA] ([ID], [LOCALIDAD], [NUM_SIL], [MAPA], [ESTADO]) VALUES (CAST(10111 AS Numeric(10, 0)), CAST(2 AS Numeric(10, 0)), CAST(12 AS Numeric(10, 0)), CAST(38 AS Numeric(10, 0)), CAST(1 AS Numeric(10, 0)))
INSERT [dbo].[SILLA_LOCALIDAD_MAPA] ([ID], [LOCALIDAD], [NUM_SIL], [MAPA], [ESTADO]) VALUES (CAST(10112 AS Numeric(10, 0)), CAST(2 AS Numeric(10, 0)), CAST(2 AS Numeric(10, 0)), CAST(39 AS Numeric(10, 0)), CAST(2 AS Numeric(10, 0)))
INSERT [dbo].[SILLA_LOCALIDAD_MAPA] ([ID], [LOCALIDAD], [NUM_SIL], [MAPA], [ESTADO]) VALUES (CAST(10113 AS Numeric(10, 0)), CAST(2 AS Numeric(10, 0)), CAST(3 AS Numeric(10, 0)), CAST(39 AS Numeric(10, 0)), CAST(2 AS Numeric(10, 0)))
INSERT [dbo].[SILLA_LOCALIDAD_MAPA] ([ID], [LOCALIDAD], [NUM_SIL], [MAPA], [ESTADO]) VALUES (CAST(10114 AS Numeric(10, 0)), CAST(2 AS Numeric(10, 0)), CAST(4 AS Numeric(10, 0)), CAST(39 AS Numeric(10, 0)), CAST(2 AS Numeric(10, 0)))
INSERT [dbo].[SILLA_LOCALIDAD_MAPA] ([ID], [LOCALIDAD], [NUM_SIL], [MAPA], [ESTADO]) VALUES (CAST(10115 AS Numeric(10, 0)), CAST(2 AS Numeric(10, 0)), CAST(6 AS Numeric(10, 0)), CAST(39 AS Numeric(10, 0)), CAST(2 AS Numeric(10, 0)))
INSERT [dbo].[SILLA_LOCALIDAD_MAPA] ([ID], [LOCALIDAD], [NUM_SIL], [MAPA], [ESTADO]) VALUES (CAST(10116 AS Numeric(10, 0)), CAST(2 AS Numeric(10, 0)), CAST(7 AS Numeric(10, 0)), CAST(39 AS Numeric(10, 0)), CAST(2 AS Numeric(10, 0)))
INSERT [dbo].[SILLA_LOCALIDAD_MAPA] ([ID], [LOCALIDAD], [NUM_SIL], [MAPA], [ESTADO]) VALUES (CAST(10117 AS Numeric(10, 0)), CAST(2 AS Numeric(10, 0)), CAST(8 AS Numeric(10, 0)), CAST(39 AS Numeric(10, 0)), CAST(2 AS Numeric(10, 0)))
INSERT [dbo].[SILLA_LOCALIDAD_MAPA] ([ID], [LOCALIDAD], [NUM_SIL], [MAPA], [ESTADO]) VALUES (CAST(10118 AS Numeric(10, 0)), CAST(2 AS Numeric(10, 0)), CAST(9 AS Numeric(10, 0)), CAST(39 AS Numeric(10, 0)), CAST(1 AS Numeric(10, 0)))
INSERT [dbo].[SILLA_LOCALIDAD_MAPA] ([ID], [LOCALIDAD], [NUM_SIL], [MAPA], [ESTADO]) VALUES (CAST(10119 AS Numeric(10, 0)), CAST(2 AS Numeric(10, 0)), CAST(10 AS Numeric(10, 0)), CAST(39 AS Numeric(10, 0)), CAST(1 AS Numeric(10, 0)))
INSERT [dbo].[SILLA_LOCALIDAD_MAPA] ([ID], [LOCALIDAD], [NUM_SIL], [MAPA], [ESTADO]) VALUES (CAST(10120 AS Numeric(10, 0)), CAST(2 AS Numeric(10, 0)), CAST(11 AS Numeric(10, 0)), CAST(39 AS Numeric(10, 0)), CAST(1 AS Numeric(10, 0)))
INSERT [dbo].[SILLA_LOCALIDAD_MAPA] ([ID], [LOCALIDAD], [NUM_SIL], [MAPA], [ESTADO]) VALUES (CAST(10121 AS Numeric(10, 0)), CAST(2 AS Numeric(10, 0)), CAST(12 AS Numeric(10, 0)), CAST(39 AS Numeric(10, 0)), CAST(1 AS Numeric(10, 0)))
INSERT [dbo].[SILLA_LOCALIDAD_MAPA] ([ID], [LOCALIDAD], [NUM_SIL], [MAPA], [ESTADO]) VALUES (CAST(10133 AS Numeric(10, 0)), CAST(2 AS Numeric(10, 0)), CAST(3 AS Numeric(10, 0)), CAST(41 AS Numeric(10, 0)), CAST(1 AS Numeric(10, 0)))
INSERT [dbo].[SILLA_LOCALIDAD_MAPA] ([ID], [LOCALIDAD], [NUM_SIL], [MAPA], [ESTADO]) VALUES (CAST(10134 AS Numeric(10, 0)), CAST(2 AS Numeric(10, 0)), CAST(4 AS Numeric(10, 0)), CAST(41 AS Numeric(10, 0)), CAST(1 AS Numeric(10, 0)))
INSERT [dbo].[SILLA_LOCALIDAD_MAPA] ([ID], [LOCALIDAD], [NUM_SIL], [MAPA], [ESTADO]) VALUES (CAST(10135 AS Numeric(10, 0)), CAST(2 AS Numeric(10, 0)), CAST(6 AS Numeric(10, 0)), CAST(41 AS Numeric(10, 0)), CAST(1 AS Numeric(10, 0)))
INSERT [dbo].[SILLA_LOCALIDAD_MAPA] ([ID], [LOCALIDAD], [NUM_SIL], [MAPA], [ESTADO]) VALUES (CAST(10136 AS Numeric(10, 0)), CAST(2 AS Numeric(10, 0)), CAST(7 AS Numeric(10, 0)), CAST(41 AS Numeric(10, 0)), CAST(1 AS Numeric(10, 0)))
INSERT [dbo].[SILLA_LOCALIDAD_MAPA] ([ID], [LOCALIDAD], [NUM_SIL], [MAPA], [ESTADO]) VALUES (CAST(10137 AS Numeric(10, 0)), CAST(2 AS Numeric(10, 0)), CAST(8 AS Numeric(10, 0)), CAST(41 AS Numeric(10, 0)), CAST(1 AS Numeric(10, 0)))
INSERT [dbo].[SILLA_LOCALIDAD_MAPA] ([ID], [LOCALIDAD], [NUM_SIL], [MAPA], [ESTADO]) VALUES (CAST(10138 AS Numeric(10, 0)), CAST(2 AS Numeric(10, 0)), CAST(9 AS Numeric(10, 0)), CAST(41 AS Numeric(10, 0)), CAST(1 AS Numeric(10, 0)))
INSERT [dbo].[SILLA_LOCALIDAD_MAPA] ([ID], [LOCALIDAD], [NUM_SIL], [MAPA], [ESTADO]) VALUES (CAST(10139 AS Numeric(10, 0)), CAST(2 AS Numeric(10, 0)), CAST(10 AS Numeric(10, 0)), CAST(41 AS Numeric(10, 0)), CAST(1 AS Numeric(10, 0)))
INSERT [dbo].[SILLA_LOCALIDAD_MAPA] ([ID], [LOCALIDAD], [NUM_SIL], [MAPA], [ESTADO]) VALUES (CAST(10140 AS Numeric(10, 0)), CAST(2 AS Numeric(10, 0)), CAST(11 AS Numeric(10, 0)), CAST(41 AS Numeric(10, 0)), CAST(1 AS Numeric(10, 0)))
INSERT [dbo].[SILLA_LOCALIDAD_MAPA] ([ID], [LOCALIDAD], [NUM_SIL], [MAPA], [ESTADO]) VALUES (CAST(10141 AS Numeric(10, 0)), CAST(2 AS Numeric(10, 0)), CAST(12 AS Numeric(10, 0)), CAST(41 AS Numeric(10, 0)), CAST(1 AS Numeric(10, 0)))
INSERT [dbo].[SILLA_LOCALIDAD_MAPA] ([ID], [LOCALIDAD], [NUM_SIL], [MAPA], [ESTADO]) VALUES (CAST(10142 AS Numeric(10, 0)), CAST(2 AS Numeric(10, 0)), CAST(2 AS Numeric(10, 0)), CAST(42 AS Numeric(10, 0)), CAST(2 AS Numeric(10, 0)))
INSERT [dbo].[SILLA_LOCALIDAD_MAPA] ([ID], [LOCALIDAD], [NUM_SIL], [MAPA], [ESTADO]) VALUES (CAST(10143 AS Numeric(10, 0)), CAST(2 AS Numeric(10, 0)), CAST(3 AS Numeric(10, 0)), CAST(42 AS Numeric(10, 0)), CAST(2 AS Numeric(10, 0)))
INSERT [dbo].[SILLA_LOCALIDAD_MAPA] ([ID], [LOCALIDAD], [NUM_SIL], [MAPA], [ESTADO]) VALUES (CAST(10144 AS Numeric(10, 0)), CAST(2 AS Numeric(10, 0)), CAST(4 AS Numeric(10, 0)), CAST(42 AS Numeric(10, 0)), CAST(2 AS Numeric(10, 0)))
INSERT [dbo].[SILLA_LOCALIDAD_MAPA] ([ID], [LOCALIDAD], [NUM_SIL], [MAPA], [ESTADO]) VALUES (CAST(10145 AS Numeric(10, 0)), CAST(2 AS Numeric(10, 0)), CAST(6 AS Numeric(10, 0)), CAST(42 AS Numeric(10, 0)), CAST(2 AS Numeric(10, 0)))
INSERT [dbo].[SILLA_LOCALIDAD_MAPA] ([ID], [LOCALIDAD], [NUM_SIL], [MAPA], [ESTADO]) VALUES (CAST(10146 AS Numeric(10, 0)), CAST(2 AS Numeric(10, 0)), CAST(7 AS Numeric(10, 0)), CAST(42 AS Numeric(10, 0)), CAST(2 AS Numeric(10, 0)))
INSERT [dbo].[SILLA_LOCALIDAD_MAPA] ([ID], [LOCALIDAD], [NUM_SIL], [MAPA], [ESTADO]) VALUES (CAST(10147 AS Numeric(10, 0)), CAST(2 AS Numeric(10, 0)), CAST(8 AS Numeric(10, 0)), CAST(42 AS Numeric(10, 0)), CAST(2 AS Numeric(10, 0)))
INSERT [dbo].[SILLA_LOCALIDAD_MAPA] ([ID], [LOCALIDAD], [NUM_SIL], [MAPA], [ESTADO]) VALUES (CAST(10148 AS Numeric(10, 0)), CAST(2 AS Numeric(10, 0)), CAST(9 AS Numeric(10, 0)), CAST(42 AS Numeric(10, 0)), CAST(1 AS Numeric(10, 0)))
INSERT [dbo].[SILLA_LOCALIDAD_MAPA] ([ID], [LOCALIDAD], [NUM_SIL], [MAPA], [ESTADO]) VALUES (CAST(10149 AS Numeric(10, 0)), CAST(2 AS Numeric(10, 0)), CAST(10 AS Numeric(10, 0)), CAST(42 AS Numeric(10, 0)), CAST(1 AS Numeric(10, 0)))
INSERT [dbo].[SILLA_LOCALIDAD_MAPA] ([ID], [LOCALIDAD], [NUM_SIL], [MAPA], [ESTADO]) VALUES (CAST(10150 AS Numeric(10, 0)), CAST(2 AS Numeric(10, 0)), CAST(11 AS Numeric(10, 0)), CAST(42 AS Numeric(10, 0)), CAST(1 AS Numeric(10, 0)))
INSERT [dbo].[SILLA_LOCALIDAD_MAPA] ([ID], [LOCALIDAD], [NUM_SIL], [MAPA], [ESTADO]) VALUES (CAST(10151 AS Numeric(10, 0)), CAST(2 AS Numeric(10, 0)), CAST(12 AS Numeric(10, 0)), CAST(42 AS Numeric(10, 0)), CAST(1 AS Numeric(10, 0)))
INSERT [dbo].[SILLA_LOCALIDAD_MAPA] ([ID], [LOCALIDAD], [NUM_SIL], [MAPA], [ESTADO]) VALUES (CAST(10152 AS Numeric(10, 0)), CAST(2 AS Numeric(10, 0)), CAST(2 AS Numeric(10, 0)), CAST(43 AS Numeric(10, 0)), CAST(2 AS Numeric(10, 0)))
INSERT [dbo].[SILLA_LOCALIDAD_MAPA] ([ID], [LOCALIDAD], [NUM_SIL], [MAPA], [ESTADO]) VALUES (CAST(10153 AS Numeric(10, 0)), CAST(2 AS Numeric(10, 0)), CAST(3 AS Numeric(10, 0)), CAST(43 AS Numeric(10, 0)), CAST(2 AS Numeric(10, 0)))
INSERT [dbo].[SILLA_LOCALIDAD_MAPA] ([ID], [LOCALIDAD], [NUM_SIL], [MAPA], [ESTADO]) VALUES (CAST(10154 AS Numeric(10, 0)), CAST(2 AS Numeric(10, 0)), CAST(4 AS Numeric(10, 0)), CAST(43 AS Numeric(10, 0)), CAST(2 AS Numeric(10, 0)))
INSERT [dbo].[SILLA_LOCALIDAD_MAPA] ([ID], [LOCALIDAD], [NUM_SIL], [MAPA], [ESTADO]) VALUES (CAST(10155 AS Numeric(10, 0)), CAST(2 AS Numeric(10, 0)), CAST(6 AS Numeric(10, 0)), CAST(43 AS Numeric(10, 0)), CAST(2 AS Numeric(10, 0)))
INSERT [dbo].[SILLA_LOCALIDAD_MAPA] ([ID], [LOCALIDAD], [NUM_SIL], [MAPA], [ESTADO]) VALUES (CAST(10156 AS Numeric(10, 0)), CAST(2 AS Numeric(10, 0)), CAST(7 AS Numeric(10, 0)), CAST(43 AS Numeric(10, 0)), CAST(1 AS Numeric(10, 0)))
INSERT [dbo].[SILLA_LOCALIDAD_MAPA] ([ID], [LOCALIDAD], [NUM_SIL], [MAPA], [ESTADO]) VALUES (CAST(10157 AS Numeric(10, 0)), CAST(2 AS Numeric(10, 0)), CAST(8 AS Numeric(10, 0)), CAST(43 AS Numeric(10, 0)), CAST(1 AS Numeric(10, 0)))
INSERT [dbo].[SILLA_LOCALIDAD_MAPA] ([ID], [LOCALIDAD], [NUM_SIL], [MAPA], [ESTADO]) VALUES (CAST(10158 AS Numeric(10, 0)), CAST(2 AS Numeric(10, 0)), CAST(9 AS Numeric(10, 0)), CAST(43 AS Numeric(10, 0)), CAST(1 AS Numeric(10, 0)))
INSERT [dbo].[SILLA_LOCALIDAD_MAPA] ([ID], [LOCALIDAD], [NUM_SIL], [MAPA], [ESTADO]) VALUES (CAST(10159 AS Numeric(10, 0)), CAST(2 AS Numeric(10, 0)), CAST(10 AS Numeric(10, 0)), CAST(43 AS Numeric(10, 0)), CAST(1 AS Numeric(10, 0)))
INSERT [dbo].[SILLA_LOCALIDAD_MAPA] ([ID], [LOCALIDAD], [NUM_SIL], [MAPA], [ESTADO]) VALUES (CAST(10160 AS Numeric(10, 0)), CAST(2 AS Numeric(10, 0)), CAST(11 AS Numeric(10, 0)), CAST(43 AS Numeric(10, 0)), CAST(1 AS Numeric(10, 0)))
INSERT [dbo].[SILLA_LOCALIDAD_MAPA] ([ID], [LOCALIDAD], [NUM_SIL], [MAPA], [ESTADO]) VALUES (CAST(10161 AS Numeric(10, 0)), CAST(2 AS Numeric(10, 0)), CAST(12 AS Numeric(10, 0)), CAST(43 AS Numeric(10, 0)), CAST(1 AS Numeric(10, 0)))
INSERT [dbo].[SILLA_LOCALIDAD_MAPA] ([ID], [LOCALIDAD], [NUM_SIL], [MAPA], [ESTADO]) VALUES (CAST(10162 AS Numeric(10, 0)), CAST(2 AS Numeric(10, 0)), CAST(2 AS Numeric(10, 0)), CAST(44 AS Numeric(10, 0)), CAST(1 AS Numeric(10, 0)))
INSERT [dbo].[SILLA_LOCALIDAD_MAPA] ([ID], [LOCALIDAD], [NUM_SIL], [MAPA], [ESTADO]) VALUES (CAST(10163 AS Numeric(10, 0)), CAST(2 AS Numeric(10, 0)), CAST(3 AS Numeric(10, 0)), CAST(44 AS Numeric(10, 0)), CAST(1 AS Numeric(10, 0)))
INSERT [dbo].[SILLA_LOCALIDAD_MAPA] ([ID], [LOCALIDAD], [NUM_SIL], [MAPA], [ESTADO]) VALUES (CAST(10164 AS Numeric(10, 0)), CAST(2 AS Numeric(10, 0)), CAST(4 AS Numeric(10, 0)), CAST(44 AS Numeric(10, 0)), CAST(1 AS Numeric(10, 0)))
INSERT [dbo].[SILLA_LOCALIDAD_MAPA] ([ID], [LOCALIDAD], [NUM_SIL], [MAPA], [ESTADO]) VALUES (CAST(10165 AS Numeric(10, 0)), CAST(2 AS Numeric(10, 0)), CAST(6 AS Numeric(10, 0)), CAST(44 AS Numeric(10, 0)), CAST(1 AS Numeric(10, 0)))
INSERT [dbo].[SILLA_LOCALIDAD_MAPA] ([ID], [LOCALIDAD], [NUM_SIL], [MAPA], [ESTADO]) VALUES (CAST(10166 AS Numeric(10, 0)), CAST(2 AS Numeric(10, 0)), CAST(7 AS Numeric(10, 0)), CAST(44 AS Numeric(10, 0)), CAST(1 AS Numeric(10, 0)))
INSERT [dbo].[SILLA_LOCALIDAD_MAPA] ([ID], [LOCALIDAD], [NUM_SIL], [MAPA], [ESTADO]) VALUES (CAST(10167 AS Numeric(10, 0)), CAST(2 AS Numeric(10, 0)), CAST(8 AS Numeric(10, 0)), CAST(44 AS Numeric(10, 0)), CAST(1 AS Numeric(10, 0)))
INSERT [dbo].[SILLA_LOCALIDAD_MAPA] ([ID], [LOCALIDAD], [NUM_SIL], [MAPA], [ESTADO]) VALUES (CAST(10168 AS Numeric(10, 0)), CAST(2 AS Numeric(10, 0)), CAST(9 AS Numeric(10, 0)), CAST(44 AS Numeric(10, 0)), CAST(1 AS Numeric(10, 0)))
INSERT [dbo].[SILLA_LOCALIDAD_MAPA] ([ID], [LOCALIDAD], [NUM_SIL], [MAPA], [ESTADO]) VALUES (CAST(10169 AS Numeric(10, 0)), CAST(2 AS Numeric(10, 0)), CAST(10 AS Numeric(10, 0)), CAST(44 AS Numeric(10, 0)), CAST(1 AS Numeric(10, 0)))
INSERT [dbo].[SILLA_LOCALIDAD_MAPA] ([ID], [LOCALIDAD], [NUM_SIL], [MAPA], [ESTADO]) VALUES (CAST(10170 AS Numeric(10, 0)), CAST(2 AS Numeric(10, 0)), CAST(11 AS Numeric(10, 0)), CAST(44 AS Numeric(10, 0)), CAST(1 AS Numeric(10, 0)))
INSERT [dbo].[SILLA_LOCALIDAD_MAPA] ([ID], [LOCALIDAD], [NUM_SIL], [MAPA], [ESTADO]) VALUES (CAST(10171 AS Numeric(10, 0)), CAST(2 AS Numeric(10, 0)), CAST(12 AS Numeric(10, 0)), CAST(44 AS Numeric(10, 0)), CAST(1 AS Numeric(10, 0)))
INSERT [dbo].[SILLA_LOCALIDAD_MAPA] ([ID], [LOCALIDAD], [NUM_SIL], [MAPA], [ESTADO]) VALUES (CAST(10172 AS Numeric(10, 0)), CAST(2 AS Numeric(10, 0)), CAST(2 AS Numeric(10, 0)), CAST(45 AS Numeric(10, 0)), CAST(2 AS Numeric(10, 0)))
INSERT [dbo].[SILLA_LOCALIDAD_MAPA] ([ID], [LOCALIDAD], [NUM_SIL], [MAPA], [ESTADO]) VALUES (CAST(10173 AS Numeric(10, 0)), CAST(2 AS Numeric(10, 0)), CAST(3 AS Numeric(10, 0)), CAST(45 AS Numeric(10, 0)), CAST(2 AS Numeric(10, 0)))
INSERT [dbo].[SILLA_LOCALIDAD_MAPA] ([ID], [LOCALIDAD], [NUM_SIL], [MAPA], [ESTADO]) VALUES (CAST(10174 AS Numeric(10, 0)), CAST(2 AS Numeric(10, 0)), CAST(4 AS Numeric(10, 0)), CAST(45 AS Numeric(10, 0)), CAST(2 AS Numeric(10, 0)))
INSERT [dbo].[SILLA_LOCALIDAD_MAPA] ([ID], [LOCALIDAD], [NUM_SIL], [MAPA], [ESTADO]) VALUES (CAST(10175 AS Numeric(10, 0)), CAST(2 AS Numeric(10, 0)), CAST(6 AS Numeric(10, 0)), CAST(45 AS Numeric(10, 0)), CAST(2 AS Numeric(10, 0)))
INSERT [dbo].[SILLA_LOCALIDAD_MAPA] ([ID], [LOCALIDAD], [NUM_SIL], [MAPA], [ESTADO]) VALUES (CAST(10176 AS Numeric(10, 0)), CAST(2 AS Numeric(10, 0)), CAST(7 AS Numeric(10, 0)), CAST(45 AS Numeric(10, 0)), CAST(2 AS Numeric(10, 0)))
INSERT [dbo].[SILLA_LOCALIDAD_MAPA] ([ID], [LOCALIDAD], [NUM_SIL], [MAPA], [ESTADO]) VALUES (CAST(10177 AS Numeric(10, 0)), CAST(2 AS Numeric(10, 0)), CAST(8 AS Numeric(10, 0)), CAST(45 AS Numeric(10, 0)), CAST(2 AS Numeric(10, 0)))
INSERT [dbo].[SILLA_LOCALIDAD_MAPA] ([ID], [LOCALIDAD], [NUM_SIL], [MAPA], [ESTADO]) VALUES (CAST(10178 AS Numeric(10, 0)), CAST(2 AS Numeric(10, 0)), CAST(9 AS Numeric(10, 0)), CAST(45 AS Numeric(10, 0)), CAST(1 AS Numeric(10, 0)))
INSERT [dbo].[SILLA_LOCALIDAD_MAPA] ([ID], [LOCALIDAD], [NUM_SIL], [MAPA], [ESTADO]) VALUES (CAST(10179 AS Numeric(10, 0)), CAST(2 AS Numeric(10, 0)), CAST(10 AS Numeric(10, 0)), CAST(45 AS Numeric(10, 0)), CAST(1 AS Numeric(10, 0)))
INSERT [dbo].[SILLA_LOCALIDAD_MAPA] ([ID], [LOCALIDAD], [NUM_SIL], [MAPA], [ESTADO]) VALUES (CAST(10180 AS Numeric(10, 0)), CAST(2 AS Numeric(10, 0)), CAST(11 AS Numeric(10, 0)), CAST(45 AS Numeric(10, 0)), CAST(1 AS Numeric(10, 0)))
INSERT [dbo].[SILLA_LOCALIDAD_MAPA] ([ID], [LOCALIDAD], [NUM_SIL], [MAPA], [ESTADO]) VALUES (CAST(10181 AS Numeric(10, 0)), CAST(2 AS Numeric(10, 0)), CAST(12 AS Numeric(10, 0)), CAST(45 AS Numeric(10, 0)), CAST(1 AS Numeric(10, 0)))
INSERT [dbo].[SILLA_LOCALIDAD_MAPA] ([ID], [LOCALIDAD], [NUM_SIL], [MAPA], [ESTADO]) VALUES (CAST(10182 AS Numeric(10, 0)), CAST(2 AS Numeric(10, 0)), CAST(2 AS Numeric(10, 0)), CAST(46 AS Numeric(10, 0)), CAST(2 AS Numeric(10, 0)))
INSERT [dbo].[SILLA_LOCALIDAD_MAPA] ([ID], [LOCALIDAD], [NUM_SIL], [MAPA], [ESTADO]) VALUES (CAST(10183 AS Numeric(10, 0)), CAST(2 AS Numeric(10, 0)), CAST(3 AS Numeric(10, 0)), CAST(46 AS Numeric(10, 0)), CAST(2 AS Numeric(10, 0)))
INSERT [dbo].[SILLA_LOCALIDAD_MAPA] ([ID], [LOCALIDAD], [NUM_SIL], [MAPA], [ESTADO]) VALUES (CAST(10184 AS Numeric(10, 0)), CAST(2 AS Numeric(10, 0)), CAST(4 AS Numeric(10, 0)), CAST(46 AS Numeric(10, 0)), CAST(2 AS Numeric(10, 0)))
INSERT [dbo].[SILLA_LOCALIDAD_MAPA] ([ID], [LOCALIDAD], [NUM_SIL], [MAPA], [ESTADO]) VALUES (CAST(10185 AS Numeric(10, 0)), CAST(2 AS Numeric(10, 0)), CAST(6 AS Numeric(10, 0)), CAST(46 AS Numeric(10, 0)), CAST(2 AS Numeric(10, 0)))
INSERT [dbo].[SILLA_LOCALIDAD_MAPA] ([ID], [LOCALIDAD], [NUM_SIL], [MAPA], [ESTADO]) VALUES (CAST(10186 AS Numeric(10, 0)), CAST(2 AS Numeric(10, 0)), CAST(7 AS Numeric(10, 0)), CAST(46 AS Numeric(10, 0)), CAST(1 AS Numeric(10, 0)))
INSERT [dbo].[SILLA_LOCALIDAD_MAPA] ([ID], [LOCALIDAD], [NUM_SIL], [MAPA], [ESTADO]) VALUES (CAST(10187 AS Numeric(10, 0)), CAST(2 AS Numeric(10, 0)), CAST(8 AS Numeric(10, 0)), CAST(46 AS Numeric(10, 0)), CAST(1 AS Numeric(10, 0)))
INSERT [dbo].[SILLA_LOCALIDAD_MAPA] ([ID], [LOCALIDAD], [NUM_SIL], [MAPA], [ESTADO]) VALUES (CAST(10188 AS Numeric(10, 0)), CAST(2 AS Numeric(10, 0)), CAST(9 AS Numeric(10, 0)), CAST(46 AS Numeric(10, 0)), CAST(1 AS Numeric(10, 0)))
INSERT [dbo].[SILLA_LOCALIDAD_MAPA] ([ID], [LOCALIDAD], [NUM_SIL], [MAPA], [ESTADO]) VALUES (CAST(10189 AS Numeric(10, 0)), CAST(2 AS Numeric(10, 0)), CAST(10 AS Numeric(10, 0)), CAST(46 AS Numeric(10, 0)), CAST(1 AS Numeric(10, 0)))
INSERT [dbo].[SILLA_LOCALIDAD_MAPA] ([ID], [LOCALIDAD], [NUM_SIL], [MAPA], [ESTADO]) VALUES (CAST(10190 AS Numeric(10, 0)), CAST(2 AS Numeric(10, 0)), CAST(11 AS Numeric(10, 0)), CAST(46 AS Numeric(10, 0)), CAST(1 AS Numeric(10, 0)))
INSERT [dbo].[SILLA_LOCALIDAD_MAPA] ([ID], [LOCALIDAD], [NUM_SIL], [MAPA], [ESTADO]) VALUES (CAST(10191 AS Numeric(10, 0)), CAST(2 AS Numeric(10, 0)), CAST(12 AS Numeric(10, 0)), CAST(46 AS Numeric(10, 0)), CAST(1 AS Numeric(10, 0)))
INSERT [dbo].[SILLA_LOCALIDAD_MAPA] ([ID], [LOCALIDAD], [NUM_SIL], [MAPA], [ESTADO]) VALUES (CAST(10192 AS Numeric(10, 0)), CAST(2 AS Numeric(10, 0)), CAST(2 AS Numeric(10, 0)), CAST(47 AS Numeric(10, 0)), CAST(1 AS Numeric(10, 0)))
INSERT [dbo].[SILLA_LOCALIDAD_MAPA] ([ID], [LOCALIDAD], [NUM_SIL], [MAPA], [ESTADO]) VALUES (CAST(10193 AS Numeric(10, 0)), CAST(2 AS Numeric(10, 0)), CAST(3 AS Numeric(10, 0)), CAST(47 AS Numeric(10, 0)), CAST(1 AS Numeric(10, 0)))
INSERT [dbo].[SILLA_LOCALIDAD_MAPA] ([ID], [LOCALIDAD], [NUM_SIL], [MAPA], [ESTADO]) VALUES (CAST(10194 AS Numeric(10, 0)), CAST(2 AS Numeric(10, 0)), CAST(4 AS Numeric(10, 0)), CAST(47 AS Numeric(10, 0)), CAST(1 AS Numeric(10, 0)))
INSERT [dbo].[SILLA_LOCALIDAD_MAPA] ([ID], [LOCALIDAD], [NUM_SIL], [MAPA], [ESTADO]) VALUES (CAST(10195 AS Numeric(10, 0)), CAST(2 AS Numeric(10, 0)), CAST(6 AS Numeric(10, 0)), CAST(47 AS Numeric(10, 0)), CAST(1 AS Numeric(10, 0)))
INSERT [dbo].[SILLA_LOCALIDAD_MAPA] ([ID], [LOCALIDAD], [NUM_SIL], [MAPA], [ESTADO]) VALUES (CAST(10196 AS Numeric(10, 0)), CAST(2 AS Numeric(10, 0)), CAST(7 AS Numeric(10, 0)), CAST(47 AS Numeric(10, 0)), CAST(1 AS Numeric(10, 0)))
INSERT [dbo].[SILLA_LOCALIDAD_MAPA] ([ID], [LOCALIDAD], [NUM_SIL], [MAPA], [ESTADO]) VALUES (CAST(10197 AS Numeric(10, 0)), CAST(2 AS Numeric(10, 0)), CAST(8 AS Numeric(10, 0)), CAST(47 AS Numeric(10, 0)), CAST(1 AS Numeric(10, 0)))
INSERT [dbo].[SILLA_LOCALIDAD_MAPA] ([ID], [LOCALIDAD], [NUM_SIL], [MAPA], [ESTADO]) VALUES (CAST(10198 AS Numeric(10, 0)), CAST(2 AS Numeric(10, 0)), CAST(9 AS Numeric(10, 0)), CAST(47 AS Numeric(10, 0)), CAST(1 AS Numeric(10, 0)))
INSERT [dbo].[SILLA_LOCALIDAD_MAPA] ([ID], [LOCALIDAD], [NUM_SIL], [MAPA], [ESTADO]) VALUES (CAST(10199 AS Numeric(10, 0)), CAST(2 AS Numeric(10, 0)), CAST(10 AS Numeric(10, 0)), CAST(47 AS Numeric(10, 0)), CAST(1 AS Numeric(10, 0)))
INSERT [dbo].[SILLA_LOCALIDAD_MAPA] ([ID], [LOCALIDAD], [NUM_SIL], [MAPA], [ESTADO]) VALUES (CAST(10200 AS Numeric(10, 0)), CAST(2 AS Numeric(10, 0)), CAST(11 AS Numeric(10, 0)), CAST(47 AS Numeric(10, 0)), CAST(1 AS Numeric(10, 0)))
INSERT [dbo].[SILLA_LOCALIDAD_MAPA] ([ID], [LOCALIDAD], [NUM_SIL], [MAPA], [ESTADO]) VALUES (CAST(10201 AS Numeric(10, 0)), CAST(2 AS Numeric(10, 0)), CAST(12 AS Numeric(10, 0)), CAST(47 AS Numeric(10, 0)), CAST(1 AS Numeric(10, 0)))
GO
INSERT [dbo].[SILLA_LOCALIDAD_MAPA] ([ID], [LOCALIDAD], [NUM_SIL], [MAPA], [ESTADO]) VALUES (CAST(10232 AS Numeric(10, 0)), CAST(2 AS Numeric(10, 0)), CAST(2 AS Numeric(10, 0)), CAST(48 AS Numeric(10, 0)), CAST(2 AS Numeric(10, 0)))
INSERT [dbo].[SILLA_LOCALIDAD_MAPA] ([ID], [LOCALIDAD], [NUM_SIL], [MAPA], [ESTADO]) VALUES (CAST(10233 AS Numeric(10, 0)), CAST(2 AS Numeric(10, 0)), CAST(3 AS Numeric(10, 0)), CAST(48 AS Numeric(10, 0)), CAST(2 AS Numeric(10, 0)))
INSERT [dbo].[SILLA_LOCALIDAD_MAPA] ([ID], [LOCALIDAD], [NUM_SIL], [MAPA], [ESTADO]) VALUES (CAST(10234 AS Numeric(10, 0)), CAST(2 AS Numeric(10, 0)), CAST(4 AS Numeric(10, 0)), CAST(48 AS Numeric(10, 0)), CAST(2 AS Numeric(10, 0)))
INSERT [dbo].[SILLA_LOCALIDAD_MAPA] ([ID], [LOCALIDAD], [NUM_SIL], [MAPA], [ESTADO]) VALUES (CAST(10235 AS Numeric(10, 0)), CAST(2 AS Numeric(10, 0)), CAST(6 AS Numeric(10, 0)), CAST(48 AS Numeric(10, 0)), CAST(2 AS Numeric(10, 0)))
INSERT [dbo].[SILLA_LOCALIDAD_MAPA] ([ID], [LOCALIDAD], [NUM_SIL], [MAPA], [ESTADO]) VALUES (CAST(10236 AS Numeric(10, 0)), CAST(2 AS Numeric(10, 0)), CAST(7 AS Numeric(10, 0)), CAST(48 AS Numeric(10, 0)), CAST(2 AS Numeric(10, 0)))
INSERT [dbo].[SILLA_LOCALIDAD_MAPA] ([ID], [LOCALIDAD], [NUM_SIL], [MAPA], [ESTADO]) VALUES (CAST(10237 AS Numeric(10, 0)), CAST(2 AS Numeric(10, 0)), CAST(8 AS Numeric(10, 0)), CAST(48 AS Numeric(10, 0)), CAST(2 AS Numeric(10, 0)))
INSERT [dbo].[SILLA_LOCALIDAD_MAPA] ([ID], [LOCALIDAD], [NUM_SIL], [MAPA], [ESTADO]) VALUES (CAST(10238 AS Numeric(10, 0)), CAST(2 AS Numeric(10, 0)), CAST(9 AS Numeric(10, 0)), CAST(48 AS Numeric(10, 0)), CAST(1 AS Numeric(10, 0)))
INSERT [dbo].[SILLA_LOCALIDAD_MAPA] ([ID], [LOCALIDAD], [NUM_SIL], [MAPA], [ESTADO]) VALUES (CAST(10239 AS Numeric(10, 0)), CAST(2 AS Numeric(10, 0)), CAST(10 AS Numeric(10, 0)), CAST(48 AS Numeric(10, 0)), CAST(1 AS Numeric(10, 0)))
INSERT [dbo].[SILLA_LOCALIDAD_MAPA] ([ID], [LOCALIDAD], [NUM_SIL], [MAPA], [ESTADO]) VALUES (CAST(10240 AS Numeric(10, 0)), CAST(2 AS Numeric(10, 0)), CAST(11 AS Numeric(10, 0)), CAST(48 AS Numeric(10, 0)), CAST(1 AS Numeric(10, 0)))
INSERT [dbo].[SILLA_LOCALIDAD_MAPA] ([ID], [LOCALIDAD], [NUM_SIL], [MAPA], [ESTADO]) VALUES (CAST(10241 AS Numeric(10, 0)), CAST(2 AS Numeric(10, 0)), CAST(12 AS Numeric(10, 0)), CAST(48 AS Numeric(10, 0)), CAST(1 AS Numeric(10, 0)))
INSERT [dbo].[SILLA_LOCALIDAD_MAPA] ([ID], [LOCALIDAD], [NUM_SIL], [MAPA], [ESTADO]) VALUES (CAST(10242 AS Numeric(10, 0)), CAST(2 AS Numeric(10, 0)), CAST(2 AS Numeric(10, 0)), CAST(49 AS Numeric(10, 0)), CAST(2 AS Numeric(10, 0)))
INSERT [dbo].[SILLA_LOCALIDAD_MAPA] ([ID], [LOCALIDAD], [NUM_SIL], [MAPA], [ESTADO]) VALUES (CAST(10243 AS Numeric(10, 0)), CAST(2 AS Numeric(10, 0)), CAST(3 AS Numeric(10, 0)), CAST(49 AS Numeric(10, 0)), CAST(2 AS Numeric(10, 0)))
INSERT [dbo].[SILLA_LOCALIDAD_MAPA] ([ID], [LOCALIDAD], [NUM_SIL], [MAPA], [ESTADO]) VALUES (CAST(10244 AS Numeric(10, 0)), CAST(2 AS Numeric(10, 0)), CAST(4 AS Numeric(10, 0)), CAST(49 AS Numeric(10, 0)), CAST(2 AS Numeric(10, 0)))
INSERT [dbo].[SILLA_LOCALIDAD_MAPA] ([ID], [LOCALIDAD], [NUM_SIL], [MAPA], [ESTADO]) VALUES (CAST(10245 AS Numeric(10, 0)), CAST(2 AS Numeric(10, 0)), CAST(6 AS Numeric(10, 0)), CAST(49 AS Numeric(10, 0)), CAST(2 AS Numeric(10, 0)))
INSERT [dbo].[SILLA_LOCALIDAD_MAPA] ([ID], [LOCALIDAD], [NUM_SIL], [MAPA], [ESTADO]) VALUES (CAST(10246 AS Numeric(10, 0)), CAST(2 AS Numeric(10, 0)), CAST(7 AS Numeric(10, 0)), CAST(49 AS Numeric(10, 0)), CAST(1 AS Numeric(10, 0)))
INSERT [dbo].[SILLA_LOCALIDAD_MAPA] ([ID], [LOCALIDAD], [NUM_SIL], [MAPA], [ESTADO]) VALUES (CAST(10247 AS Numeric(10, 0)), CAST(2 AS Numeric(10, 0)), CAST(8 AS Numeric(10, 0)), CAST(49 AS Numeric(10, 0)), CAST(1 AS Numeric(10, 0)))
INSERT [dbo].[SILLA_LOCALIDAD_MAPA] ([ID], [LOCALIDAD], [NUM_SIL], [MAPA], [ESTADO]) VALUES (CAST(10248 AS Numeric(10, 0)), CAST(2 AS Numeric(10, 0)), CAST(9 AS Numeric(10, 0)), CAST(49 AS Numeric(10, 0)), CAST(1 AS Numeric(10, 0)))
INSERT [dbo].[SILLA_LOCALIDAD_MAPA] ([ID], [LOCALIDAD], [NUM_SIL], [MAPA], [ESTADO]) VALUES (CAST(10249 AS Numeric(10, 0)), CAST(2 AS Numeric(10, 0)), CAST(10 AS Numeric(10, 0)), CAST(49 AS Numeric(10, 0)), CAST(1 AS Numeric(10, 0)))
INSERT [dbo].[SILLA_LOCALIDAD_MAPA] ([ID], [LOCALIDAD], [NUM_SIL], [MAPA], [ESTADO]) VALUES (CAST(10250 AS Numeric(10, 0)), CAST(2 AS Numeric(10, 0)), CAST(11 AS Numeric(10, 0)), CAST(49 AS Numeric(10, 0)), CAST(1 AS Numeric(10, 0)))
INSERT [dbo].[SILLA_LOCALIDAD_MAPA] ([ID], [LOCALIDAD], [NUM_SIL], [MAPA], [ESTADO]) VALUES (CAST(10251 AS Numeric(10, 0)), CAST(2 AS Numeric(10, 0)), CAST(12 AS Numeric(10, 0)), CAST(49 AS Numeric(10, 0)), CAST(1 AS Numeric(10, 0)))
INSERT [dbo].[SILLA_LOCALIDAD_MAPA] ([ID], [LOCALIDAD], [NUM_SIL], [MAPA], [ESTADO]) VALUES (CAST(10252 AS Numeric(10, 0)), CAST(2 AS Numeric(10, 0)), CAST(2 AS Numeric(10, 0)), CAST(50 AS Numeric(10, 0)), CAST(1 AS Numeric(10, 0)))
INSERT [dbo].[SILLA_LOCALIDAD_MAPA] ([ID], [LOCALIDAD], [NUM_SIL], [MAPA], [ESTADO]) VALUES (CAST(10253 AS Numeric(10, 0)), CAST(2 AS Numeric(10, 0)), CAST(3 AS Numeric(10, 0)), CAST(50 AS Numeric(10, 0)), CAST(1 AS Numeric(10, 0)))
INSERT [dbo].[SILLA_LOCALIDAD_MAPA] ([ID], [LOCALIDAD], [NUM_SIL], [MAPA], [ESTADO]) VALUES (CAST(10254 AS Numeric(10, 0)), CAST(2 AS Numeric(10, 0)), CAST(4 AS Numeric(10, 0)), CAST(50 AS Numeric(10, 0)), CAST(1 AS Numeric(10, 0)))
INSERT [dbo].[SILLA_LOCALIDAD_MAPA] ([ID], [LOCALIDAD], [NUM_SIL], [MAPA], [ESTADO]) VALUES (CAST(10255 AS Numeric(10, 0)), CAST(2 AS Numeric(10, 0)), CAST(6 AS Numeric(10, 0)), CAST(50 AS Numeric(10, 0)), CAST(1 AS Numeric(10, 0)))
INSERT [dbo].[SILLA_LOCALIDAD_MAPA] ([ID], [LOCALIDAD], [NUM_SIL], [MAPA], [ESTADO]) VALUES (CAST(10256 AS Numeric(10, 0)), CAST(2 AS Numeric(10, 0)), CAST(7 AS Numeric(10, 0)), CAST(50 AS Numeric(10, 0)), CAST(1 AS Numeric(10, 0)))
INSERT [dbo].[SILLA_LOCALIDAD_MAPA] ([ID], [LOCALIDAD], [NUM_SIL], [MAPA], [ESTADO]) VALUES (CAST(10257 AS Numeric(10, 0)), CAST(2 AS Numeric(10, 0)), CAST(8 AS Numeric(10, 0)), CAST(50 AS Numeric(10, 0)), CAST(1 AS Numeric(10, 0)))
INSERT [dbo].[SILLA_LOCALIDAD_MAPA] ([ID], [LOCALIDAD], [NUM_SIL], [MAPA], [ESTADO]) VALUES (CAST(10258 AS Numeric(10, 0)), CAST(2 AS Numeric(10, 0)), CAST(9 AS Numeric(10, 0)), CAST(50 AS Numeric(10, 0)), CAST(1 AS Numeric(10, 0)))
INSERT [dbo].[SILLA_LOCALIDAD_MAPA] ([ID], [LOCALIDAD], [NUM_SIL], [MAPA], [ESTADO]) VALUES (CAST(10259 AS Numeric(10, 0)), CAST(2 AS Numeric(10, 0)), CAST(10 AS Numeric(10, 0)), CAST(50 AS Numeric(10, 0)), CAST(1 AS Numeric(10, 0)))
INSERT [dbo].[SILLA_LOCALIDAD_MAPA] ([ID], [LOCALIDAD], [NUM_SIL], [MAPA], [ESTADO]) VALUES (CAST(10260 AS Numeric(10, 0)), CAST(2 AS Numeric(10, 0)), CAST(11 AS Numeric(10, 0)), CAST(50 AS Numeric(10, 0)), CAST(1 AS Numeric(10, 0)))
INSERT [dbo].[SILLA_LOCALIDAD_MAPA] ([ID], [LOCALIDAD], [NUM_SIL], [MAPA], [ESTADO]) VALUES (CAST(10261 AS Numeric(10, 0)), CAST(2 AS Numeric(10, 0)), CAST(12 AS Numeric(10, 0)), CAST(50 AS Numeric(10, 0)), CAST(1 AS Numeric(10, 0)))
INSERT [dbo].[SILLA_LOCALIDAD_MAPA] ([ID], [LOCALIDAD], [NUM_SIL], [MAPA], [ESTADO]) VALUES (CAST(10262 AS Numeric(10, 0)), CAST(2 AS Numeric(10, 0)), CAST(2 AS Numeric(10, 0)), CAST(51 AS Numeric(10, 0)), CAST(2 AS Numeric(10, 0)))
INSERT [dbo].[SILLA_LOCALIDAD_MAPA] ([ID], [LOCALIDAD], [NUM_SIL], [MAPA], [ESTADO]) VALUES (CAST(10263 AS Numeric(10, 0)), CAST(2 AS Numeric(10, 0)), CAST(3 AS Numeric(10, 0)), CAST(51 AS Numeric(10, 0)), CAST(2 AS Numeric(10, 0)))
INSERT [dbo].[SILLA_LOCALIDAD_MAPA] ([ID], [LOCALIDAD], [NUM_SIL], [MAPA], [ESTADO]) VALUES (CAST(10264 AS Numeric(10, 0)), CAST(2 AS Numeric(10, 0)), CAST(4 AS Numeric(10, 0)), CAST(51 AS Numeric(10, 0)), CAST(2 AS Numeric(10, 0)))
INSERT [dbo].[SILLA_LOCALIDAD_MAPA] ([ID], [LOCALIDAD], [NUM_SIL], [MAPA], [ESTADO]) VALUES (CAST(10265 AS Numeric(10, 0)), CAST(2 AS Numeric(10, 0)), CAST(6 AS Numeric(10, 0)), CAST(51 AS Numeric(10, 0)), CAST(2 AS Numeric(10, 0)))
INSERT [dbo].[SILLA_LOCALIDAD_MAPA] ([ID], [LOCALIDAD], [NUM_SIL], [MAPA], [ESTADO]) VALUES (CAST(10266 AS Numeric(10, 0)), CAST(2 AS Numeric(10, 0)), CAST(7 AS Numeric(10, 0)), CAST(51 AS Numeric(10, 0)), CAST(2 AS Numeric(10, 0)))
INSERT [dbo].[SILLA_LOCALIDAD_MAPA] ([ID], [LOCALIDAD], [NUM_SIL], [MAPA], [ESTADO]) VALUES (CAST(10267 AS Numeric(10, 0)), CAST(2 AS Numeric(10, 0)), CAST(8 AS Numeric(10, 0)), CAST(51 AS Numeric(10, 0)), CAST(2 AS Numeric(10, 0)))
INSERT [dbo].[SILLA_LOCALIDAD_MAPA] ([ID], [LOCALIDAD], [NUM_SIL], [MAPA], [ESTADO]) VALUES (CAST(10268 AS Numeric(10, 0)), CAST(2 AS Numeric(10, 0)), CAST(9 AS Numeric(10, 0)), CAST(51 AS Numeric(10, 0)), CAST(1 AS Numeric(10, 0)))
INSERT [dbo].[SILLA_LOCALIDAD_MAPA] ([ID], [LOCALIDAD], [NUM_SIL], [MAPA], [ESTADO]) VALUES (CAST(10269 AS Numeric(10, 0)), CAST(2 AS Numeric(10, 0)), CAST(10 AS Numeric(10, 0)), CAST(51 AS Numeric(10, 0)), CAST(1 AS Numeric(10, 0)))
INSERT [dbo].[SILLA_LOCALIDAD_MAPA] ([ID], [LOCALIDAD], [NUM_SIL], [MAPA], [ESTADO]) VALUES (CAST(10270 AS Numeric(10, 0)), CAST(2 AS Numeric(10, 0)), CAST(11 AS Numeric(10, 0)), CAST(51 AS Numeric(10, 0)), CAST(1 AS Numeric(10, 0)))
INSERT [dbo].[SILLA_LOCALIDAD_MAPA] ([ID], [LOCALIDAD], [NUM_SIL], [MAPA], [ESTADO]) VALUES (CAST(10271 AS Numeric(10, 0)), CAST(2 AS Numeric(10, 0)), CAST(12 AS Numeric(10, 0)), CAST(51 AS Numeric(10, 0)), CAST(1 AS Numeric(10, 0)))
INSERT [dbo].[SILLA_LOCALIDAD_MAPA] ([ID], [LOCALIDAD], [NUM_SIL], [MAPA], [ESTADO]) VALUES (CAST(10272 AS Numeric(10, 0)), CAST(2 AS Numeric(10, 0)), CAST(2 AS Numeric(10, 0)), CAST(52 AS Numeric(10, 0)), CAST(2 AS Numeric(10, 0)))
INSERT [dbo].[SILLA_LOCALIDAD_MAPA] ([ID], [LOCALIDAD], [NUM_SIL], [MAPA], [ESTADO]) VALUES (CAST(10273 AS Numeric(10, 0)), CAST(2 AS Numeric(10, 0)), CAST(3 AS Numeric(10, 0)), CAST(52 AS Numeric(10, 0)), CAST(2 AS Numeric(10, 0)))
INSERT [dbo].[SILLA_LOCALIDAD_MAPA] ([ID], [LOCALIDAD], [NUM_SIL], [MAPA], [ESTADO]) VALUES (CAST(10274 AS Numeric(10, 0)), CAST(2 AS Numeric(10, 0)), CAST(4 AS Numeric(10, 0)), CAST(52 AS Numeric(10, 0)), CAST(2 AS Numeric(10, 0)))
INSERT [dbo].[SILLA_LOCALIDAD_MAPA] ([ID], [LOCALIDAD], [NUM_SIL], [MAPA], [ESTADO]) VALUES (CAST(10275 AS Numeric(10, 0)), CAST(2 AS Numeric(10, 0)), CAST(6 AS Numeric(10, 0)), CAST(52 AS Numeric(10, 0)), CAST(2 AS Numeric(10, 0)))
INSERT [dbo].[SILLA_LOCALIDAD_MAPA] ([ID], [LOCALIDAD], [NUM_SIL], [MAPA], [ESTADO]) VALUES (CAST(10276 AS Numeric(10, 0)), CAST(2 AS Numeric(10, 0)), CAST(7 AS Numeric(10, 0)), CAST(52 AS Numeric(10, 0)), CAST(1 AS Numeric(10, 0)))
INSERT [dbo].[SILLA_LOCALIDAD_MAPA] ([ID], [LOCALIDAD], [NUM_SIL], [MAPA], [ESTADO]) VALUES (CAST(10277 AS Numeric(10, 0)), CAST(2 AS Numeric(10, 0)), CAST(8 AS Numeric(10, 0)), CAST(52 AS Numeric(10, 0)), CAST(1 AS Numeric(10, 0)))
INSERT [dbo].[SILLA_LOCALIDAD_MAPA] ([ID], [LOCALIDAD], [NUM_SIL], [MAPA], [ESTADO]) VALUES (CAST(10278 AS Numeric(10, 0)), CAST(2 AS Numeric(10, 0)), CAST(9 AS Numeric(10, 0)), CAST(52 AS Numeric(10, 0)), CAST(1 AS Numeric(10, 0)))
INSERT [dbo].[SILLA_LOCALIDAD_MAPA] ([ID], [LOCALIDAD], [NUM_SIL], [MAPA], [ESTADO]) VALUES (CAST(10279 AS Numeric(10, 0)), CAST(2 AS Numeric(10, 0)), CAST(10 AS Numeric(10, 0)), CAST(52 AS Numeric(10, 0)), CAST(1 AS Numeric(10, 0)))
INSERT [dbo].[SILLA_LOCALIDAD_MAPA] ([ID], [LOCALIDAD], [NUM_SIL], [MAPA], [ESTADO]) VALUES (CAST(10280 AS Numeric(10, 0)), CAST(2 AS Numeric(10, 0)), CAST(11 AS Numeric(10, 0)), CAST(52 AS Numeric(10, 0)), CAST(1 AS Numeric(10, 0)))
INSERT [dbo].[SILLA_LOCALIDAD_MAPA] ([ID], [LOCALIDAD], [NUM_SIL], [MAPA], [ESTADO]) VALUES (CAST(10281 AS Numeric(10, 0)), CAST(2 AS Numeric(10, 0)), CAST(12 AS Numeric(10, 0)), CAST(52 AS Numeric(10, 0)), CAST(1 AS Numeric(10, 0)))
SET IDENTITY_INSERT [dbo].[SILLA_LOCALIDAD_MAPA] OFF
SET IDENTITY_INSERT [dbo].[RESERVA] ON 

INSERT [dbo].[RESERVA] ([ID], [FUNCION], [NUM_SIL], [FECHA_RES], [TIPO_RES], [SEC_CLIENTE], [ESTADO], [SILLA_LOCALIDAD]) VALUES (CAST(7 AS Numeric(5, 0)), CAST(2 AS Numeric(10, 0)), CAST(0 AS Numeric(10, 0)), CAST(N'2019-05-26 20:33:22.700' AS DateTime), N'I', CAST(1 AS Numeric(10, 0)), N'A', CAST(11 AS Numeric(10, 0)))
INSERT [dbo].[RESERVA] ([ID], [FUNCION], [NUM_SIL], [FECHA_RES], [TIPO_RES], [SEC_CLIENTE], [ESTADO], [SILLA_LOCALIDAD]) VALUES (CAST(8 AS Numeric(5, 0)), CAST(2 AS Numeric(10, 0)), CAST(0 AS Numeric(10, 0)), CAST(N'2019-05-26 20:33:22.800' AS DateTime), N'I', CAST(1 AS Numeric(10, 0)), N'A', CAST(11 AS Numeric(10, 0)))
INSERT [dbo].[RESERVA] ([ID], [FUNCION], [NUM_SIL], [FECHA_RES], [TIPO_RES], [SEC_CLIENTE], [ESTADO], [SILLA_LOCALIDAD]) VALUES (CAST(9 AS Numeric(5, 0)), CAST(2 AS Numeric(10, 0)), CAST(0 AS Numeric(10, 0)), CAST(N'2019-05-26 20:33:22.803' AS DateTime), N'I', CAST(1 AS Numeric(10, 0)), N'A', CAST(11 AS Numeric(10, 0)))
INSERT [dbo].[RESERVA] ([ID], [FUNCION], [NUM_SIL], [FECHA_RES], [TIPO_RES], [SEC_CLIENTE], [ESTADO], [SILLA_LOCALIDAD]) VALUES (CAST(13 AS Numeric(5, 0)), CAST(2 AS Numeric(10, 0)), CAST(0 AS Numeric(10, 0)), CAST(N'2019-05-26 21:56:16.637' AS DateTime), N'I', CAST(1 AS Numeric(10, 0)), N'A', CAST(12 AS Numeric(10, 0)))
INSERT [dbo].[RESERVA] ([ID], [FUNCION], [NUM_SIL], [FECHA_RES], [TIPO_RES], [SEC_CLIENTE], [ESTADO], [SILLA_LOCALIDAD]) VALUES (CAST(14 AS Numeric(5, 0)), CAST(2 AS Numeric(10, 0)), CAST(0 AS Numeric(10, 0)), CAST(N'2019-05-26 21:56:16.753' AS DateTime), N'I', CAST(1 AS Numeric(10, 0)), N'A', CAST(13 AS Numeric(10, 0)))
INSERT [dbo].[RESERVA] ([ID], [FUNCION], [NUM_SIL], [FECHA_RES], [TIPO_RES], [SEC_CLIENTE], [ESTADO], [SILLA_LOCALIDAD]) VALUES (CAST(15 AS Numeric(5, 0)), CAST(2 AS Numeric(10, 0)), CAST(0 AS Numeric(10, 0)), CAST(N'2019-05-26 21:56:16.753' AS DateTime), N'I', CAST(1 AS Numeric(10, 0)), N'A', CAST(14 AS Numeric(10, 0)))
INSERT [dbo].[RESERVA] ([ID], [FUNCION], [NUM_SIL], [FECHA_RES], [TIPO_RES], [SEC_CLIENTE], [ESTADO], [SILLA_LOCALIDAD]) VALUES (CAST(16 AS Numeric(5, 0)), CAST(1 AS Numeric(10, 0)), CAST(0 AS Numeric(10, 0)), CAST(N'2019-05-26 21:59:57.553' AS DateTime), N'I', CAST(1 AS Numeric(10, 0)), N'A', CAST(1 AS Numeric(10, 0)))
INSERT [dbo].[RESERVA] ([ID], [FUNCION], [NUM_SIL], [FECHA_RES], [TIPO_RES], [SEC_CLIENTE], [ESTADO], [SILLA_LOCALIDAD]) VALUES (CAST(17 AS Numeric(5, 0)), CAST(1 AS Numeric(10, 0)), CAST(0 AS Numeric(10, 0)), CAST(N'2019-05-26 21:59:57.560' AS DateTime), N'I', CAST(1 AS Numeric(10, 0)), N'A', CAST(2 AS Numeric(10, 0)))
INSERT [dbo].[RESERVA] ([ID], [FUNCION], [NUM_SIL], [FECHA_RES], [TIPO_RES], [SEC_CLIENTE], [ESTADO], [SILLA_LOCALIDAD]) VALUES (CAST(18 AS Numeric(5, 0)), CAST(1 AS Numeric(10, 0)), CAST(0 AS Numeric(10, 0)), CAST(N'2019-05-26 21:59:57.560' AS DateTime), N'I', CAST(1 AS Numeric(10, 0)), N'A', CAST(3 AS Numeric(10, 0)))
INSERT [dbo].[RESERVA] ([ID], [FUNCION], [NUM_SIL], [FECHA_RES], [TIPO_RES], [SEC_CLIENTE], [ESTADO], [SILLA_LOCALIDAD]) VALUES (CAST(19 AS Numeric(5, 0)), CAST(1 AS Numeric(10, 0)), CAST(0 AS Numeric(10, 0)), CAST(N'2019-05-26 21:59:57.563' AS DateTime), N'I', CAST(1 AS Numeric(10, 0)), N'A', CAST(4 AS Numeric(10, 0)))
INSERT [dbo].[RESERVA] ([ID], [FUNCION], [NUM_SIL], [FECHA_RES], [TIPO_RES], [SEC_CLIENTE], [ESTADO], [SILLA_LOCALIDAD]) VALUES (CAST(20 AS Numeric(5, 0)), CAST(1 AS Numeric(10, 0)), CAST(0 AS Numeric(10, 0)), CAST(N'2019-05-26 21:59:57.563' AS DateTime), N'I', CAST(1 AS Numeric(10, 0)), N'A', CAST(5 AS Numeric(10, 0)))
INSERT [dbo].[RESERVA] ([ID], [FUNCION], [NUM_SIL], [FECHA_RES], [TIPO_RES], [SEC_CLIENTE], [ESTADO], [SILLA_LOCALIDAD]) VALUES (CAST(21 AS Numeric(5, 0)), CAST(1 AS Numeric(10, 0)), CAST(0 AS Numeric(10, 0)), CAST(N'2019-05-27 16:56:35.553' AS DateTime), N'I', CAST(1 AS Numeric(10, 0)), N'A', CAST(6 AS Numeric(10, 0)))
SET IDENTITY_INSERT [dbo].[RESERVA] OFF
SET IDENTITY_INSERT [dbo].[SILLA] ON 

INSERT [dbo].[SILLA] ([NUM_SIL], [LOCALIDAD], [NOM_FIL], [FIL_SIL], [COL_SIL], [OBS_SIL]) VALUES (CAST(2 AS Numeric(10, 0)), CAST(2 AS Numeric(10, 0)), N'A', CAST(1 AS Numeric(5, 0)), CAST(1 AS Numeric(5, 0)), NULL)
INSERT [dbo].[SILLA] ([NUM_SIL], [LOCALIDAD], [NOM_FIL], [FIL_SIL], [COL_SIL], [OBS_SIL]) VALUES (CAST(3 AS Numeric(10, 0)), CAST(2 AS Numeric(10, 0)), N'A', CAST(1 AS Numeric(5, 0)), CAST(2 AS Numeric(5, 0)), NULL)
INSERT [dbo].[SILLA] ([NUM_SIL], [LOCALIDAD], [NOM_FIL], [FIL_SIL], [COL_SIL], [OBS_SIL]) VALUES (CAST(4 AS Numeric(10, 0)), CAST(2 AS Numeric(10, 0)), N'A', CAST(1 AS Numeric(5, 0)), CAST(3 AS Numeric(5, 0)), NULL)
INSERT [dbo].[SILLA] ([NUM_SIL], [LOCALIDAD], [NOM_FIL], [FIL_SIL], [COL_SIL], [OBS_SIL]) VALUES (CAST(6 AS Numeric(10, 0)), CAST(2 AS Numeric(10, 0)), N'A', CAST(1 AS Numeric(5, 0)), CAST(4 AS Numeric(5, 0)), NULL)
INSERT [dbo].[SILLA] ([NUM_SIL], [LOCALIDAD], [NOM_FIL], [FIL_SIL], [COL_SIL], [OBS_SIL]) VALUES (CAST(7 AS Numeric(10, 0)), CAST(2 AS Numeric(10, 0)), N'A', CAST(1 AS Numeric(5, 0)), CAST(5 AS Numeric(5, 0)), NULL)
INSERT [dbo].[SILLA] ([NUM_SIL], [LOCALIDAD], [NOM_FIL], [FIL_SIL], [COL_SIL], [OBS_SIL]) VALUES (CAST(8 AS Numeric(10, 0)), CAST(2 AS Numeric(10, 0)), N'A', CAST(1 AS Numeric(5, 0)), CAST(6 AS Numeric(5, 0)), NULL)
INSERT [dbo].[SILLA] ([NUM_SIL], [LOCALIDAD], [NOM_FIL], [FIL_SIL], [COL_SIL], [OBS_SIL]) VALUES (CAST(9 AS Numeric(10, 0)), CAST(2 AS Numeric(10, 0)), N'A', CAST(1 AS Numeric(5, 0)), CAST(7 AS Numeric(5, 0)), NULL)
INSERT [dbo].[SILLA] ([NUM_SIL], [LOCALIDAD], [NOM_FIL], [FIL_SIL], [COL_SIL], [OBS_SIL]) VALUES (CAST(10 AS Numeric(10, 0)), CAST(2 AS Numeric(10, 0)), N'A', CAST(1 AS Numeric(5, 0)), CAST(8 AS Numeric(5, 0)), NULL)
INSERT [dbo].[SILLA] ([NUM_SIL], [LOCALIDAD], [NOM_FIL], [FIL_SIL], [COL_SIL], [OBS_SIL]) VALUES (CAST(11 AS Numeric(10, 0)), CAST(2 AS Numeric(10, 0)), N'A', CAST(1 AS Numeric(5, 0)), CAST(9 AS Numeric(5, 0)), NULL)
INSERT [dbo].[SILLA] ([NUM_SIL], [LOCALIDAD], [NOM_FIL], [FIL_SIL], [COL_SIL], [OBS_SIL]) VALUES (CAST(12 AS Numeric(10, 0)), CAST(2 AS Numeric(10, 0)), N'A', CAST(1 AS Numeric(5, 0)), CAST(10 AS Numeric(5, 0)), NULL)
SET IDENTITY_INSERT [dbo].[SILLA] OFF
SET IDENTITY_INSERT [dbo].[LOCALIDAD_MAPA] ON 

INSERT [dbo].[LOCALIDAD_MAPA] ([ID], [LOCALIDAD], [MAPA], [COSTO]) VALUES (CAST(1 AS Numeric(10, 0)), CAST(2 AS Numeric(10, 0)), CAST(27 AS Numeric(10, 0)), CAST(2000 AS Numeric(10, 0)))
INSERT [dbo].[LOCALIDAD_MAPA] ([ID], [LOCALIDAD], [MAPA], [COSTO]) VALUES (CAST(2 AS Numeric(10, 0)), CAST(2 AS Numeric(10, 0)), CAST(28 AS Numeric(10, 0)), CAST(2000 AS Numeric(10, 0)))
INSERT [dbo].[LOCALIDAD_MAPA] ([ID], [LOCALIDAD], [MAPA], [COSTO]) VALUES (CAST(3 AS Numeric(10, 0)), CAST(2 AS Numeric(10, 0)), CAST(29 AS Numeric(10, 0)), CAST(2000 AS Numeric(10, 0)))
INSERT [dbo].[LOCALIDAD_MAPA] ([ID], [LOCALIDAD], [MAPA], [COSTO]) VALUES (CAST(4 AS Numeric(10, 0)), CAST(2 AS Numeric(10, 0)), CAST(30 AS Numeric(10, 0)), CAST(2000 AS Numeric(10, 0)))
INSERT [dbo].[LOCALIDAD_MAPA] ([ID], [LOCALIDAD], [MAPA], [COSTO]) VALUES (CAST(5 AS Numeric(10, 0)), CAST(2 AS Numeric(10, 0)), CAST(31 AS Numeric(10, 0)), CAST(2000 AS Numeric(10, 0)))
INSERT [dbo].[LOCALIDAD_MAPA] ([ID], [LOCALIDAD], [MAPA], [COSTO]) VALUES (CAST(6 AS Numeric(10, 0)), CAST(2 AS Numeric(10, 0)), CAST(32 AS Numeric(10, 0)), CAST(2000 AS Numeric(10, 0)))
INSERT [dbo].[LOCALIDAD_MAPA] ([ID], [LOCALIDAD], [MAPA], [COSTO]) VALUES (CAST(7 AS Numeric(10, 0)), CAST(2 AS Numeric(10, 0)), CAST(33 AS Numeric(10, 0)), CAST(2000 AS Numeric(10, 0)))
INSERT [dbo].[LOCALIDAD_MAPA] ([ID], [LOCALIDAD], [MAPA], [COSTO]) VALUES (CAST(8 AS Numeric(10, 0)), CAST(2 AS Numeric(10, 0)), CAST(34 AS Numeric(10, 0)), CAST(2000 AS Numeric(10, 0)))
INSERT [dbo].[LOCALIDAD_MAPA] ([ID], [LOCALIDAD], [MAPA], [COSTO]) VALUES (CAST(9 AS Numeric(10, 0)), CAST(2 AS Numeric(10, 0)), CAST(35 AS Numeric(10, 0)), CAST(2000 AS Numeric(10, 0)))
INSERT [dbo].[LOCALIDAD_MAPA] ([ID], [LOCALIDAD], [MAPA], [COSTO]) VALUES (CAST(10 AS Numeric(10, 0)), CAST(2 AS Numeric(10, 0)), CAST(36 AS Numeric(10, 0)), CAST(2000 AS Numeric(10, 0)))
INSERT [dbo].[LOCALIDAD_MAPA] ([ID], [LOCALIDAD], [MAPA], [COSTO]) VALUES (CAST(11 AS Numeric(10, 0)), CAST(2 AS Numeric(10, 0)), CAST(37 AS Numeric(10, 0)), CAST(2000 AS Numeric(10, 0)))
INSERT [dbo].[LOCALIDAD_MAPA] ([ID], [LOCALIDAD], [MAPA], [COSTO]) VALUES (CAST(12 AS Numeric(10, 0)), CAST(2 AS Numeric(10, 0)), CAST(38 AS Numeric(10, 0)), CAST(2000 AS Numeric(10, 0)))
INSERT [dbo].[LOCALIDAD_MAPA] ([ID], [LOCALIDAD], [MAPA], [COSTO]) VALUES (CAST(13 AS Numeric(10, 0)), CAST(2 AS Numeric(10, 0)), CAST(39 AS Numeric(10, 0)), CAST(2000 AS Numeric(10, 0)))
INSERT [dbo].[LOCALIDAD_MAPA] ([ID], [LOCALIDAD], [MAPA], [COSTO]) VALUES (CAST(15 AS Numeric(10, 0)), CAST(2 AS Numeric(10, 0)), CAST(41 AS Numeric(10, 0)), CAST(2000 AS Numeric(10, 0)))
INSERT [dbo].[LOCALIDAD_MAPA] ([ID], [LOCALIDAD], [MAPA], [COSTO]) VALUES (CAST(16 AS Numeric(10, 0)), CAST(2 AS Numeric(10, 0)), CAST(42 AS Numeric(10, 0)), CAST(2000 AS Numeric(10, 0)))
INSERT [dbo].[LOCALIDAD_MAPA] ([ID], [LOCALIDAD], [MAPA], [COSTO]) VALUES (CAST(17 AS Numeric(10, 0)), CAST(2 AS Numeric(10, 0)), CAST(43 AS Numeric(10, 0)), CAST(2000 AS Numeric(10, 0)))
INSERT [dbo].[LOCALIDAD_MAPA] ([ID], [LOCALIDAD], [MAPA], [COSTO]) VALUES (CAST(18 AS Numeric(10, 0)), CAST(2 AS Numeric(10, 0)), CAST(44 AS Numeric(10, 0)), CAST(2000 AS Numeric(10, 0)))
INSERT [dbo].[LOCALIDAD_MAPA] ([ID], [LOCALIDAD], [MAPA], [COSTO]) VALUES (CAST(19 AS Numeric(10, 0)), CAST(2 AS Numeric(10, 0)), CAST(45 AS Numeric(10, 0)), CAST(2000 AS Numeric(10, 0)))
INSERT [dbo].[LOCALIDAD_MAPA] ([ID], [LOCALIDAD], [MAPA], [COSTO]) VALUES (CAST(20 AS Numeric(10, 0)), CAST(2 AS Numeric(10, 0)), CAST(46 AS Numeric(10, 0)), CAST(2000 AS Numeric(10, 0)))
INSERT [dbo].[LOCALIDAD_MAPA] ([ID], [LOCALIDAD], [MAPA], [COSTO]) VALUES (CAST(21 AS Numeric(10, 0)), CAST(2 AS Numeric(10, 0)), CAST(47 AS Numeric(10, 0)), CAST(2000 AS Numeric(10, 0)))
INSERT [dbo].[LOCALIDAD_MAPA] ([ID], [LOCALIDAD], [MAPA], [COSTO]) VALUES (CAST(22 AS Numeric(10, 0)), CAST(2 AS Numeric(10, 0)), CAST(48 AS Numeric(10, 0)), CAST(2000 AS Numeric(10, 0)))
INSERT [dbo].[LOCALIDAD_MAPA] ([ID], [LOCALIDAD], [MAPA], [COSTO]) VALUES (CAST(23 AS Numeric(10, 0)), CAST(2 AS Numeric(10, 0)), CAST(49 AS Numeric(10, 0)), CAST(2000 AS Numeric(10, 0)))
INSERT [dbo].[LOCALIDAD_MAPA] ([ID], [LOCALIDAD], [MAPA], [COSTO]) VALUES (CAST(24 AS Numeric(10, 0)), CAST(2 AS Numeric(10, 0)), CAST(50 AS Numeric(10, 0)), CAST(2000 AS Numeric(10, 0)))
INSERT [dbo].[LOCALIDAD_MAPA] ([ID], [LOCALIDAD], [MAPA], [COSTO]) VALUES (CAST(25 AS Numeric(10, 0)), CAST(2 AS Numeric(10, 0)), CAST(51 AS Numeric(10, 0)), CAST(2000 AS Numeric(10, 0)))
INSERT [dbo].[LOCALIDAD_MAPA] ([ID], [LOCALIDAD], [MAPA], [COSTO]) VALUES (CAST(26 AS Numeric(10, 0)), CAST(2 AS Numeric(10, 0)), CAST(52 AS Numeric(10, 0)), CAST(2000 AS Numeric(10, 0)))
SET IDENTITY_INSERT [dbo].[LOCALIDAD_MAPA] OFF
